id,技能id,技能名,技能描述,技能来源枚举,目标枚举,技能等级,技能等级上限,前置CD,冷却CD,枚举动作名,伤害输出点,动作结束点,消耗类型,消耗值,优先级,叠加技能,施放时音效,击中音效,技能图标,技能标识,职业来源,技能特效（带轨迹）,技能特效延迟播放时间,UI技能属性,特效目标,起始点偏移量,结束点偏移量,特效轨迹,是否生成多个特效
id,skill_id,name,desc,enum_skill_from,enum_target,level,max_level,leadtime,cdtime,animation_name,attackpoint,attackendpoint,cost_type,cost_value,int_priorityindex,combine_skills,cast_audio,hitaudio,icon,identify,from_job,Effect_name,delayTime,UI_skill_attribute,Effect_target,Effect_start_point,Effect_end_point,effects_track,effect_number
int,int,string,string,int,int,int,int,float,float,string,float,float,int,float,int,string,string,string,string,int,string,string,float,int,string,string,string,string,string
1,10001,割喉（斩击+流血）,就是斩击加流血,1,2,1,9,0,4,attack,0.5,1.5,4,20,3,1-1|2-1,1,1,skills_backstab,1,10000,0,0,1,3,0|0.3,-0.1|0.2,1,0
2,10001,割喉（斩击+流血）,就是斩击加流血,1,2,2,9,0,4,attack,0.5,1.5,4,20,3,1-2|2-1,1,1,skills_backstab,1,10000,0,0,1,3,0|0.3,-0.1|0.2,1,0
3,10001,割喉（斩击+流血）,就是斩击加流血,1,2,3,9,0,4,attack,0.5,1.5,4,20,3,1-2|2-1,1,1,skills_backstab,1,10000,0,0,1,3,0|0.3,-0.1|0.2,1,0
10000,10000,[人族]普通攻击,打,1,2,1,9,0,0,attack,0.4,1.2,3,0,1,15-1|16-1,1,1,skills_treatment,1,10000,|attack_bao_fire,0,2,2,0|0,0|0.2,1,0
20000,20000,[精灵]普通攻击,打,1,2,1,9,0,0,attack,0.4,1.2,3,0,1,15-1|16-1,1,1,skills_treatment,1,20000,|attack_bao_fire,0,2,2,0|0,0|0.2,1,0
30000,30000,[亡灵]普通攻击,打,1,2,1,9,0,0,attack,0.4,1.2,3,0,1,15-1|16-1,1,1,skills_treatment,1,30000,|attack_bao_fire,0,2,2,0|0,0|0.2,1,0
4,4001,哈卡之魂,直接伤害（火）+吸血,4,2,1,1,6,8,fight,1,2.5,4,20,3,1-48|3-9,1,1,skills_backstab,1,0,monster_hakazhihun,0,2,2,0|0.2,0,1,0
5,4002,黑暗咒语,流血+攻击下降（致盲）,4,2,1,1,2,15,fight2,1,2.5,4,20,2,2-2|8-4,1,1,skills_heavy blow ,1,0,monster_hakazhihun,0,6,2,0|0.2,0,1,0
6,4003,生锈之刃,直接伤害（暗）+额外伤害,4,2,1,1,4,8,fight,2.2,2.5,4,20,3,1-54|17-1,1,1,skills_mana burn,1,0,|attack_daoguangbaodian,0,5,2,0|0,0|0.2,1,0
7,4004,冥火暴击,直接伤害（暗）+流血（灼烧）,4,2,1,1,6,8,fight,1,2.5,4,20,3,1-15|26-13,1,1,skills_treatment,1,0,|attack_magic_bao,0,5,2,0|0,0|0.2,1,0
8,4005,骨甲术,增益,4,1,1,1,2,15,fight2,1,2.5,4,20,2,7-7|,1,1,skills_vampire,1,0,0,0,6,0,0,0,0,0
9,4006,疯狂撕咬,直接伤害（火）+流血,4,2,1,1,6,8,fight,1,2.5,4,20,2,26-14|,1,1,state_injury 1,1,0,|attack_bao_fire,0,2,0,0,0,0,0
10,4007,地狱之火,超级流血,4,2,1,1,15,20,fight2,1,2.5,4,20,3,26-15|,1,1,state_injury 2,1,0,|attack_bao_fire,0,2,0,0|0,0|0.2,1,0
11,4008,巨龙震击,直接伤害（火）+眩晕4秒,4,2,1,1,6,8,fight1,1,2.5,4,20,2,1-48|9-4,1,1,state_injury 3,1,0,|attack_bao_fire,0,2,0,0|0,0|0.2,1,0
12,4009,恶龙飞起,直接伤害（火）+流血（灼烧）,4,2,1,1,15,20,fight2,1,2.5,4,20,3,1-48|2-4,1,1,skills_backstab,1,0,monster_Dragon_huoqiu_xie|attack_bao_fire,0,2,3,0|0.5,0|0.3,1,0
13,4010,砸地板,直接伤害（物攻最大值）+眩晕3秒,4,2,1,1,6,8,fight1,1,2.5,4,20,3,1-44|9-3,1,1,skills_heavy blow ,1,0,monster_Tauren_fight1_ground|attack_bao_shizi,0,6,2,0|0,0,1,0
14,4011,暴食,直接伤害（暗）+30%吸血,4,2,1,1,4,6,fight,1,2.5,4,20,3,1-54|3-9,1,1,skills_mana burn,1,0,|attack_daoguangbaodian,0,5,2,0|0,0|0.2,1,0
15,4012,魔能风暴,直接伤害（物攻最大值）+直接伤害（暗）,4,2,1,1,8,10,fight1,1,2.5,4,20,2,1-43|1-53,1,1,skills_backstab,1,0,|attack_daoguangbaodian,0,7,2,0|0,0|0.2,1,0
16,4013,尖刺羽翼,超级流血,4,2,1,1,12,15,fight2,1,2.5,4,20,3,26-17|,1,1,skills_heavy blow ,1,0,0,0,6,0,0,0,0,0
17,4014,火焰幕布,超级流血,4,2,1,1,12,15,fight,1,2.5,4,20,2,26-18|,1,1,skills_mana burn,1,0,0,0,6,0,0,0,0,0
18,4015,崩天灭地,直接伤害（冰）+减速,4,2,1,1,6,15,fight2,1,2.5,4,20,3,1-46|8-6,1,1,skills_treatment,1,0,0,0,1,0,0,0,0,0
19,4016,寒冰自爆,直接伤害（冰）+额外伤害,4,2,1,1,8,8,fight2,1,2.5,4,20,3,1-45|17-2,1,1,skills_vampire,1,0,|attack_magic_bao,0,1,2,0|0,0|0.2,1,0
20,4017,暗影爆破,直接伤害（暗）+额外伤害,4,2,1,1,8,8,fight2,1,2.5,4,20,3,1-53|17-2,1,1,state_injury 1,1,0,|attack_magic_bao,0,5,2,0|0,0|0.2,1,0
21,4018,重伤,直接伤害（物攻最大值）+流血,4,2,1,1,4,8,fight,1,2.5,4,20,3,1-43|2-7,1,1,state_injury 2,1,0,|attack_bao_shizi,0,6,2,0|0,0|0.2,1,0
22,4019,先祖之力,直接伤害（物攻最大值）+额外伤害,4,2,1,1,12,15,fight,1,2.5,4,20,3,1-44|17-3,1,1,state_injury 3,1,0,|attack_bao_shizi,0,6,2,0|0,0|0.2,1,0
23,4020,剧毒之拥,直接伤害（毒）+流血（中毒）,4,2,1,1,8,10,fight,1,2.5,4,20,3,1-50|2-8,1,1,skills_backstab,1,0,|attack_bao_shizi,0,3,2,0|0,0|0.2,1,0
24,4021,石化魔眼,直接伤害（毒）+石化4秒,4,2,1,1,10,15,fight1,1,2.5,4,20,3,1-50|9-4,1,1,skills_backstab,1,0,|attack_bao_shizi,0,3,2,0|0,0|0.2,1,0
25,4022,鲜血吸取,直接伤害（暗）+吸血,4,2,1,1,6,8,fight2,1,2.5,4,20,2,1-53|3-9,1,1,skills_backstab,1,0,|attack_daoguangbaodian,0,5,2,0|0,0|0.2,1,0
26,4023,鲜血涌动,直接伤害（冰）+流血,4,2,1,1,10,15,fight1,1,2.5,4,20,3,1-45|3-15,1,1,skills_backstab,1,0,|attack_daoguangbaodian,0,1,2,0|0,0|0.2,1,0
27,4024,泰坦之力,直接伤害（光）+致盲,4,2,1,1,15,20,fight,1,2.5,4,20,2,1-52|8-7,1,1,skills_backstab,1,0,|attack_daoguangbaodian,0,4,2,0|0,0|0.2,1,0
28,4025,打五下,如果有致盲，额外伤害上1-9999,4,2,1,1,10,15,fight2,1,2.5,4,20,3,1-52|17-4,1,1,skills_backstab,1,0,|attack_daoguangbaodian,0,4,2,0|0,0|0.2,1,0
29,4101,[哥布林斥候]普通攻击,怪物的普通攻击，区分动作时间,4,2,1,1,0,0,attack,0.6,1.2,4,0,1,15-1|16-1,1,1,skills_treatment,1,0,|attack_bao_fire,0,2,2,0|0,0|0.2,1,0
30,4102,[哥布林战士]普通攻击,怪物的普通攻击，区分动作时间,4,2,1,1,0,0,attack,0.8,1.2,4,0,1,15-1|16-1,1,1,skills_treatment,1,0,|attack_bao_fire,0,2,2,0|0,0|0.2,1,0
31,4103,[哥布林酋长]普通攻击,怪物的普通攻击，区分动作时间,4,2,1,1,0,0,attack,0.8,1.2,4,0,1,15-1|16-1,1,1,skills_treatment,1,0,|attack_bao_fire,0,2,2,0|0,0|0.2,1,0
32,4104,[剧毒食人花]普通攻击,怪物的普通攻击，区分动作时间,4,2,1,1,0,0,attack,0.6,1.5,4,0,1,15-1|16-1,1,1,skills_treatment,1,0,|attack_bao_shizi,0,2,2,0|0,0|0.2,1,0
33,4105,[变异食人花]普通攻击,怪物的普通攻击，区分动作时间,4,2,1,1,0,0,attack,0.4,1.2,4,0,1,15-1|16-1,1,1,skills_treatment,1,0,|attack_bao_shizi,0,2,2,0|0,0|0.2,1,0
34,4106,[白骨傀儡]普通攻击,怪物的普通攻击，区分动作时间,4,2,1,1,0,0,attack,0.5,1.2,4,0,1,15-1|16-1,1,1,skills_treatment,1,0,|attack_daoguangbaodian,0,2,2,0|0,0|0.2,1,0
35,4107,[骷髅战士]普通攻击,怪物的普通攻击，区分动作时间,4,2,1,1,0,0,attack,0.8,1.2,4,0,1,15-1|16-1,1,1,skills_treatment,1,0,|attack_daoguangbaodian,0,2,2,0|0,0|0.2,1,0
36,4108,[骷髅王]普通攻击,怪物的普通攻击，区分动作时间,4,2,1,1,0,0,attack,0.6,1.2,4,0,1,15-1|16-1,1,1,skills_treatment,1,0,|attack_daoguangbaodian,0,2,2,0|0,0|0.2,1,0
37,4109,[地狱三头犬]普通攻击,怪物的普通攻击，区分动作时间,4,2,1,1,0,0,attack,0.5,1.2,4,0,1,15-1|16-1,1,1,skills_treatment,1,0,|attack_bao_ranjin,0,2,2,0|0,0|0.2,1,0
38,4110,[Boss恶龙]普通攻击,怪物的普通攻击，区分动作时间,4,2,1,1,0,0,attack,0.5,1.2,4,0,1,15-1|16-1,1,1,skills_treatment,1,0,|attack_bao_ranjin,0,2,2,0|0,0|0.2,1,0
39,4111,[鬼火]普通攻击,怪物的普通攻击，区分动作时间,4,2,1,1,0,0,attack,0.5,1.2,4,0,1,15-1|16-1,1,1,skills_treatment,1,0,|attack_bao_shizi,0,2,2,0|0,0|0.2,1,0
40,4112,[牛头人]普通攻击,怪物的普通攻击，区分动作时间,4,2,1,1,0,0,attack,0.5,1.2,4,0,1,15-1|16-1,1,1,skills_treatment,1,0,|attack_bao_shizi,0,2,2,0|0,0|0.2,1,0
41,4113,[食尸鬼]普通攻击,怪物的普通攻击，区分动作时间,4,2,1,1,0,0,attack,0.3,1.2,4,0,1,15-1|16-1,1,1,skills_treatment,1,0,|attack_daoguangbaodian,0,2,2,0|0,0|0.2,1,0
42,4114,[食尸鬼王]普通攻击,怪物的普通攻击，区分动作时间,4,2,1,1,0,0,attack,0.5,1.2,4,0,1,15-1|16-1,1,1,skills_treatment,1,0,|attack_daoguangbaodian,0,2,2,0|0,0|0.2,1,0
43,4115,[食尸鬼领主]普通攻击,怪物的普通攻击，区分动作时间,4,2,1,1,0,0,attack,0.5,1.2,4,0,1,15-1|16-1,1,1,skills_treatment,1,0,|attack_daoguangbaodian,0,2,2,0|0,0|0.2,1,0
44,4116,[鹰身女妖]普通攻击,怪物的普通攻击，区分动作时间,4,2,1,1,0,0,attack,0.5,1.2,4,0,1,15-1|16-1,1,1,skills_treatment,1,0,|attack_bao_fire,0,2,2,0|0,0|0.2,1,0
45,4117,[Boss奇美拉]普通攻击,怪物的普通攻击，区分动作时间,4,2,1,1,0,0,attack,0.5,1.2,4,0,1,15-1|16-1,1,1,skills_treatment,1,0,|attack_bao_ranjin,0,2,2,0|0,0|0.2,1,0
46,4118,[蓝史莱姆]普通攻击,怪物的普通攻击，区分动作时间,4,2,1,1,0,0,attack,0.5,1.2,4,0,1,15-1|16-1,1,1,skills_treatment,1,0,|attack_magic_bao,0,2,2,0|0,0|0.2,1,0
47,4119,[紫史莱姆]普通攻击,怪物的普通攻击，区分动作时间,4,2,1,1,0,0,attack,0.5,1.2,4,0,1,15-1|16-1,1,1,skills_treatment,1,0,|attack_magic_bao,0,2,2,0|0,0|0.2,1,0
48,4120,[兽人战士]普通攻击,怪物的普通攻击，区分动作时间,4,2,1,1,0,0,attack,0.5,1.2,4,0,1,15-1|16-1,1,1,skills_treatment,1,0,|attack_bao_shizi,0,2,2,0|0,0|0.2,1,0
49,4121,[血斧兽人]普通攻击,怪物的普通攻击，区分动作时间,4,2,1,1,0,0,attack,0.5,1.2,4,0,1,15-1|16-1,1,1,skills_treatment,1,0,|attack_bao_shizi,0,2,2,0|0,0|0.2,1,0
50,4122,[黑兽人]普通攻击,怪物的普通攻击，区分动作时间,4,2,1,1,0,0,attack,0.5,1.2,4,0,1,15-1|16-1,1,1,skills_treatment,1,0,|attack_bao_shizi,0,2,2,0|0,0|0.2,1,0
51,4123,[德鲁伊]普通攻击,怪物的普通攻击，区分动作时间,4,2,1,1,0,0,attack,0.5,1.2,4,0,1,15-1|16-1,1,1,skills_treatment,1,0,|attack_bao_fire,0,2,2,0|0,0|0.2,1,0
52,4124,[美杜莎]普通攻击,怪物的普通攻击，区分动作时间,4,2,1,1,0,0,attack,0.5,1.2,4,0,1,15-1|16-1,1,1,skills_treatment,1,0,|attack_bao_fire,0,2,2,0|0,0|0.2,1,0
53,4125,[元素]普通攻击,怪物的普通攻击，区分动作时间,4,2,1,1,0,0,attack,0.5,1.2,4,0,1,15-1|16-1,1,1,skills_treatment,1,0,|attack_magic_bao,0,2,2,0|0,0|0.2,1,0
54,4126,[圣甲虫]普通攻击,怪物的普通攻击，区分动作时间,4,2,1,1,0,0,attack,0.5,1.2,4,0,1,15-1|16-1,1,1,skills_treatment,1,0,|attack_bao_shizi,0,2,2,0|0,0|0.2,1,0
55,4127,[吸血鬼]普通攻击,怪物的普通攻击，区分动作时间,4,2,1,1,0,0,attack,0.5,1.2,4,0,1,15-1|16-1,1,1,skills_treatment,1,0,|attack_bao_shizi,0,2,2,0|0,0|0.2,1,0
56,4128,[Boss泰坦]普通攻击,怪物的普通攻击，区分动作时间,4,2,1,1,0,0,attack,0.5,1.2,4,0,1,15-1|16-1,1,1,skills_treatment,1,0,|attack_daoguangbaodian,0,2,2,0|0,0|0.2,1,0
57,4129,破甲1,减少物防最大值[00ff0c]10[-]，持续[00ff0c]10[-]秒,4,2,1,1,5,20,attack,0.5,1.2,4,0,2,8-18|,1,1,skills_treatment,1,0,|attack_bao_fire,0,2,2,0|0,0|0.2,1,0
58,4130,破甲2,减少物防最大值[00ff0c]30[-]，持续[00ff0c]10[-]秒,4,2,1,1,5,20,attack,0.5,1.2,4,0,2,8-18|,1,1,skills_treatment,1,0,|attack_bao_fire,0,2,2,0|0,0|0.2,1,0
59,4131,破甲3,减少物防最大值[00ff0c]60[-]，持续[00ff0c]10[-]秒,4,2,1,1,5,20,attack,0.5,1.2,4,0,2,8-19|,1,1,skills_treatment,1,0,|attack_bao_fire,0,2,2,0|0,0|0.2,1,0
60,4132,中毒1,每秒减少毒属性攻击[00ff0c]40%[-]的生命，持续[00ff0c]10[-]秒,4,2,1,1,5,20,attack,0.5,1.2,4,0,2,26-21|,1,1,skills_treatment,1,0,|attack_magic_bao,0,2,2,0|0,0|0.2,1,0
61,4133,中毒2,每秒减少毒属性攻击[00ff0c]50%[-]的生命，持续[00ff0c]10[-]秒,4,2,1,1,5,20,attack,0.5,1.2,4,0,2,26-22|,1,1,skills_treatment,1,0,|attack_magic_bao,0,2,2,0|0,0|0.2,1,0
62,4134,灼烧1,每秒减少火属性攻击[00ff0c]40%[-]的生命，持续[00ff0c]10[-]秒,4,2,1,1,5,20,attack,0.5,1.2,4,0,2,26-23|,1,1,skills_treatment,1,0,|attack_bao_fire,0,2,2,0|0,0|0.2,1,0
63,4135,灼烧2,每秒减少火属性攻击[00ff0c]50%[-]的生命，持续[00ff0c]10[-]秒,4,2,1,1,5,20,attack,0.5,1.2,4,0,2,26-24|,1,1,skills_treatment,1,0,|attack_bao_fire,0,2,2,0|0,0|0.2,1,0
64,4136,黑暗侵蚀1,减少毒属性抗性[00ff0c]10[-]，持续[00ff0c]10[-]秒,4,2,1,1,5,20,attack,0.5,1.2,4,0,2,8-20|,1,1,skills_treatment,1,0,|attack_magic_bao,0,2,2,0|0,0|0.2,1,0
65,4137,黑暗侵蚀2,减少毒属性抗性[00ff0c]30[-]，持续[00ff0c]10[-]秒,4,2,1,1,5,20,attack,0.5,1.2,4,0,2,8-21|,1,1,skills_treatment,1,0,|attack_magic_bao,0,2,2,0|0,0|0.2,1,0
66,4138,黑暗侵蚀3,减少毒属性抗性[00ff0c]60[-]，持续[00ff0c]10[-]秒,4,2,1,1,5,20,attack,0.5,1.2,4,0,2,8-22|,1,1,skills_treatment,1,0,|attack_magic_bao,0,2,2,0|0,0|0.2,1,0
67,4139,流血1,每秒减少物攻最大值[00ff0c]30%[-]的生命，持续[00ff0c]10[-]秒,4,2,1,1,5,20,attack,0.5,1.2,4,0,2,26-25|,1,1,skills_treatment,1,0,|attack_bao_shizi,0,2,2,0|0,0|0.2,1,0
68,4140,流血2,每秒减少物攻最大值[00ff0c]40%[-]的生命，持续[00ff0c]10[-]秒,4,2,1,1,5,20,attack,0.5,1.2,4,0,2,26-26|,1,1,skills_treatment,1,0,|attack_bao_shizi,0,2,2,0|0,0|0.2,1,0
69,4141,流血3,每秒减少火属性攻击[00ff0c]50%[-]的生命，持续[00ff0c]10[-]秒,4,2,1,1,5,20,attack,0.5,1.2,4,0,2,26-27|,1,1,skills_treatment,1,0,|attack_bao_shizi,0,2,2,0|0,0|0.2,1,0
70,4142,冰冻1,攻击速度下降[00ff0c]15%,4,2,1,1,5,20,attack,0.5,1.2,4,0,2,8-23|,1,1,skills_treatment,1,0,|attack_magic_bao,0,2,2,0|0,0|0.2,1,0
71,4143,冰冻2,攻击速度下降[00ff0c]30%,4,2,1,1,5,20,attack,0.5,1.2,4,0,2,8-24|,1,1,skills_treatment,1,0,|attack_magic_bao,0,2,2,0|0,0|0.2,1,0
72,4144,附加伤害,攻击附加[00ff0c]1-1000点伤害,4,1,1,1,5,10,attack,0.5,1.2,4,0,2,1-43|17-8,1,1,skills_treatment,1,0,|attack_daoguangbaodian,0,2,2,0|0,0|0.2,1,0
73,4145,暴击100%,暴击率提高[00ff0c]100%，持续3秒,4,1,1,1,5,10,attack,0.5,1.2,4,0,2,1-43|7-32,1,1,skills_treatment,1,0,|attack_daoguangbaodian,0,2,2,0|0,0|0.2,1,0
74,1001,猛击,造成物攻最大值[00ff0c]235%+5[-]伤害,1,2,1,3,2,8,zhongji,0.8,1.5,4,20,1,1-1|,1,1,skills_mengji,1,11000,|attack_bao_fire,0,6,2,0|0,0|0.2,1,0
75,1001,猛击,造成物攻最大值[00ff0c]255%+15[-]伤害,1,2,2,3,2,8,zhongji,0.8,1.5,4,20,1,1-2|,1,1,skills_mengji,1,11000,|attack_bao_fire,0,6,2,0|0,0|0.2,1,0
76,1001,猛击,造成物攻最大值[00ff0c]275%+25[-]伤害,1,2,3,3,2,8,zhongji,0.8,1.5,4,20,1,1-3|,1,1,skills_mengji,1,11000,|attack_bao_fire,0,6,2,0|0,0|0.2,1,0
77,1002,圣光洗礼,恢复光属性攻击[00ff0c]300%+10[-]生命值,1,2,1,3,2,8,fight3,1,1,4,20,1,5-1|,1,1,skills_shengguangxili,1,12000,hero_jiaxue,0,4,1,0|0,0|0,1,0
78,1002,圣光洗礼,恢复光属性攻击[00ff0c]350%+20[-]生命值,1,2,2,3,2,8,fight3,1,1,4,20,1,5-2|,1,1,skills_shengguangxili,1,12000,hero_jiaxue,0,4,1,0|0,0|0,1,0
79,1002,圣光洗礼,恢复光属性攻击[00ff0c]400%+30[-]生命值,1,2,3,3,2,8,fight3,1,1,4,20,1,5-3|,1,1,skills_shengguangxili,1,12000,hero_jiaxue,0,4,1,0|0,0|0,1,0
80,1003,割裂,造成毒属性攻击[00ff0c]300[-]%伤害，附加流血，[00ff0c]10[-]点/秒，持续[00ff0c]5[-]秒,1,2,1,3,2,8,attack,0.6,1.5,4,20,1,1-16|2-1,1,1,skills_gelie,1,12400,|attack_bao_shizi,0,3,2,0|0,0|0.2,1,0
81,1003,割裂,造成毒属性攻击[00ff0c]300[-]%伤害，附加流血，[00ff0c]10[-]点/秒，持续[00ff0c]5[-]秒,1,2,2,3,2,8,attack,0.6,1.5,4,20,1,1-17|2-2,1,1,skills_gelie,1,12400,|attack_bao_shizi,0,3,2,0|0,0|0.2,1,0
82,1003,割裂,造成毒属性攻击[00ff0c]300[-]%伤害，附加流血，[00ff0c]10[-]点/秒，持续[00ff0c]5[-]秒,1,2,3,3,2,8,attack,0.6,1.5,4,20,1,1-18|2-3,1,1,skills_gelie,1,12400,|attack_bao_shizi,0,3,2,0|0,0|0.2,1,0
83,1004,直觉,一击必杀[00ff0c]3[-]%（精英、领主无效）,1,1,1,3,2,8,0,0.5,1.5,4,20,1,11-1|,1,1,skills_zhijue,0,11100,0,0,6,0,0,0,0,0
84,1004,直觉,一击必杀[00ff0c]6[-]%（精英、领主无效）,1,1,2,3,2,8,0,0.5,1.5,4,20,1,11-2|,1,1,skills_zhijue,0,11100,0,0,6,0,0,0,0,0
85,1004,直觉,一击必杀[00ff0c]10[-]%（精英、领主无效）,1,1,3,3,2,8,0,0.5,1.5,4,20,1,11-3|,1,1,skills_zhijue,0,11100,0,0,6,0,0,0,0,0
86,1005,灵魂鞭笞,造成物攻最大值[00ff0c]235[-]%伤害，并恢伤害[00ff0c]10[-]%能量,1,2,1,3,2,8,attack,0.5,1.5,4,20,1,1-4|4-3,1,1,skills_zhongjijingtong,1,11110,|attack_daoguangbaodian,0,6,2,0|0,0|0.2,1,0
87,1005,灵魂鞭笞,造成物攻最大值[00ff0c]255[-]%伤害，并恢伤害[00ff0c]20[-]%能量,1,2,2,3,2,8,attack,0.5,1.5,4,20,1,1-5|4-6,1,1,skills_zhongjijingtong,1,11110,|attack_daoguangbaodian,0,6,2,0|0,0|0.2,1,0
88,1005,灵魂鞭笞,造成物攻最大值[00ff0c]275[-]%伤害，并恢伤害[00ff0c]30[-]%能量,1,2,3,3,2,8,attack,0.5,1.5,4,20,1,1-6|4-9,1,1,skills_zhongjijingtong,1,11110,|attack_daoguangbaodian,0,6,2,0|0,0|0.2,1,0
89,1006,致死打击,造成物攻最大值[00ff0c]235[-]%伤害，并恢伤害[00ff0c]10[-]%生命,1,2,1,3,2,8,fight2,0.5,1.5,4,20,1,1-7|3-3,1,1,skills_zhisidaji,1,11112,|hero_zhisidaji_zhuanyi,0,6,4,0|0.3,-0.05|0.3,2,0
90,1006,致死打击,造成物攻最大值[00ff0c]255[-]%伤害，并恢伤害[00ff0c]20[-]%生命,1,2,2,3,2,8,fight2,0.5,1.5,4,20,1,1-8|3-6,1,1,skills_zhisidaji,1,11112,|hero_zhisidaji_zhuanyi,0,6,4,0|0.3,-0.05|0.3,2,0
91,1006,致死打击,造成物攻最大值[00ff0c]275[-]%伤害，并恢伤害[00ff0c]30[-]%生命,1,2,3,3,2,8,fight2,0.5,1.5,4,20,1,1-9|3-9,1,1,skills_zhisidaji,1,11112,|hero_zhisidaji_zhuanyi,0,6,4,0|0.3,-0.05|0.3,2,0
92,1007,斗士本能,攻击时，[00ff0c]10[-]%附加[00ff0c]30[-]%伤害,1,1,1,3,2,8,0,0.5,1.5,4,20,1,10-1|,1,1,skills_doushibenneng,0,11123,|attack_bao_fire,0,6,2,0|0,0|0.2,1,0
93,1007,斗士本能,攻击时，[00ff0c]10[-]%附加[00ff0c]40[-]%伤害,1,1,2,3,2,8,0,0.5,1.5,4,20,1,10-2|,1,1,skills_doushibenneng,0,11123,|attack_bao_fire,0,6,2,0|0,0|0.2,1,0
94,1007,斗士本能,攻击时，[00ff0c]10[-]%附加[00ff0c]50[-]%伤害,1,1,3,3,2,8,0,0.5,1.5,4,20,1,10-3|,1,1,skills_doushibenneng,0,11123,|attack_bao_fire,0,6,2,0|0,0|0.2,1,0
95,1008,英勇冲锋,最大攻击力提高[00ff0c]140[-]，持续[00ff0c]12[-]秒,1,2,1,3,2,8,qiannengbaofa,0.5,1,4,20,1,7-4|,1,1,skills_yingxiongchongfeng,1,11111,0,0,6,0,0,0,0,0
96,1008,英勇冲锋,最大攻击力提高[00ff0c]200[-]，持续[00ff0c]12[-]秒,1,2,2,3,2,8,qiannengbaofa,0.5,1,4,20,1,7-5|,1,1,skills_yingxiongchongfeng,1,11111,0,0,6,0,0,0,0,0
97,1008,英勇冲锋,最大攻击力提高[00ff0c]260[-]，持续[00ff0c]12[-]秒,1,2,3,3,2,8,qiannengbaofa,0.5,1,4,20,1,7-6|,1,1,skills_yingxiongchongfeng,1,11111,0,0,6,0,0,0,0,0
98,1009,帝国剑术,造成物攻最大值[00ff0c]80%+30[-]伤害,1,2,1,3,2,8,fight4,1.7,1.9,4,20,1,1-10|,1,1,skills_diguojianshu,1,11200,|attack_bao_shizi,0,6,2,0|0,0|0.2,1,0
99,1009,帝国剑术,造成物攻最大值[00ff0c]90%+50[-]伤害,1,2,2,3,2,8,fight4,1.7,1.9,4,20,1,1-11|,1,1,skills_diguojianshu,1,11200,|attack_bao_shizi,0,6,2,0|0,0|0.2,1,0
100,1009,帝国剑术,造成物攻最大值[00ff0c]100%+100[-]伤害,1,2,3,3,2,8,fight4,1.7,1.9,4,20,1,1-12|,1,1,skills_diguojianshu,1,11200,|attack_bao_shizi,0,6,2,0|0,0|0.2,1,0
101,1010,潜能爆发,暴击率提高[00ff0c]40[-]%，持续[00ff0c]12[-]秒,1,2,1,3,2,8,fight3,0.5,1.5,4,20,1,7-8|,1,1,skills_qiannengbaofa,1,11120,0,0,6,0,0,0,0,0
102,1010,潜能爆发,暴击率提高[00ff0c]50[-]%，持续[00ff0c]12[-]秒,1,2,2,3,2,8,fight3,0.5,1.5,4,20,1,7-9|,1,1,skills_qiannengbaofa,1,11120,0,0,6,0,0,0,0,0
103,1010,潜能爆发,暴击率提高[00ff0c]60[-]%，持续[00ff0c]12[-]秒,1,2,3,3,2,8,fight3,0.5,1.5,4,20,1,7-10|,1,1,skills_qiannengbaofa,1,11120,0,0,6,0,0,0,0,0
104,1015,银剑,造成光属性攻击[00ff0c]300[-]%伤害，光属性提高[00ff0c]70[-]点，持续[00ff0c]12[-]秒,1,2,1,3,2,8,fight2,0.5,1.5,4,20,1,1-13|7-17,1,1,skills_yinjian,1,12345,hero_yinjian|attack_bao_shizi,0,4,1,0|0,0|1,1,0
105,1015,银剑,造成光属性攻击[00ff0c]350[-]%伤害，光属性提高[00ff0c]140[-]点，持续[00ff0c]12[-]秒,1,2,2,3,2,8,fight2,0.5,1.5,4,20,1,1-14|7-18,1,1,skills_yinjian,1,12345,hero_yinjian|attack_bao_shizi,0,4,1,0|0,0|1,1,0
106,1015,银剑,造成光属性攻击[00ff0c]400[-]%伤害，光属性提高[00ff0c]210[-]点，持续[00ff0c]12[-]秒,1,2,3,3,2,8,fight2,0.5,1.5,4,20,1,1-15|7-19,1,1,skills_yinjian,1,12345,hero_yinjian|attack_bao_shizi,0,4,1,0|0,0|1,1,0
107,1016,石锤,造成光属性攻击[00ff0c]300[-]%伤害，眩晕[00ff0c]2[-]秒,1,2,1,3,2,8,zhongji,1.5,1.5,4,20,1,1-4|9-2,1,1,skills_shibang,1,12350,hero_shichui_feixing|hero_shichui_baodian,0,4,3,0.4|0.9,-0.3|0.5,1,0
108,1016,石锤,造成光属性攻击[00ff0c]350[-]%伤害，眩晕[00ff0c]3[-]秒,1,2,2,3,2,8,zhongji,1.5,1.5,4,20,1,1-5|9-3,1,1,skills_shibang,1,12350,hero_shichui_feixing|hero_shichui_baodian,0,4,3,0.4|0.9,-0.3|0.5,1,0
109,1016,石锤,造成光属性攻击[00ff0c]400[-]%伤害，眩晕[00ff0c]4[-]秒,1,2,3,3,2,8,zhongji,1.5,1.5,4,20,1,1-6|9-4,1,1,skills_shibang,1,12350,hero_shichui_feixing|hero_shichui_baodian,0,4,3,0.4|0.9,-0.3|0.5,1,0
110,1017,霸王卸甲,物攻最大值提高[00ff0c]200[-]，防御最大值下降[00ff0c]80[-]，持续[00ff0c]12[-]秒,1,2,1,3,2,8,fight3,1.5,1.5,4,20,1,7-11|8-8,1,1,skills_xiejia,1,12346,buff_xiejia_mid,0,6,1,0|0,0|0.6,1,0
111,1017,霸王卸甲,物攻最大值提高[00ff0c]280[-]，防御最大值下降[00ff0c]60[-]，持续[00ff0c]12[-]秒,1,2,2,3,2,8,fight3,1.5,1.5,4,20,1,7-12|8-9,1,1,skills_xiejia,1,12346,buff_xiejia_mid,0,6,1,0|0,0|0.6,1,0
112,1017,霸王卸甲,物攻最大值提高[00ff0c]360[-]，防御最大值下降[00ff0c]40[-]，持续[00ff0c]12[-]秒,1,2,3,3,2,8,fight3,1.5,1.5,4,20,1,7-13|8-10,1,1,skills_xiejia,1,12346,buff_xiejia_mid,0,6,1,0|0,0|0.6,1,0
113,1020,弱点击破,造成毒属性攻击[00ff0c]300[-]%伤害，目标身上有流血造成[00ff0c]350[-]点额外伤害,1,2,1,3,2,8,fight1,0.5,1.5,4,20,1,1-19|14-1|7-14,1,1,skills_roudian,1,12468,buff_ruodian_mid|attack_magic_bao,0,3,2,0|0.3,0|0.1,1,0
114,1020,弱点击破,造成毒属性攻击[00ff0c]350[-]%伤害，目标身上有流血造成[00ff0c]425[-]点额外伤害,1,2,2,3,2,8,fight1,0.5,1.5,4,20,1,1-20|14-2|7-15,1,1,skills_roudian,1,12468,buff_ruodian_mid|attack_magic_bao,0,3,2,0|0.3,0|0.1,1,0
115,1020,弱点击破,造成毒属性攻击[00ff0c]400[-]%伤害，目标身上有流血造成[00ff0c]500[-]点额外伤害,1,2,3,3,2,8,fight1,0.5,1.5,4,20,1,1-21|14-3|7-16,1,1,skills_roudian,1,12468,buff_ruodian_mid|attack_magic_bao,0,3,2,0|0.3,0|0.1,1,0
116,1021,老练,幸运值[00ff0c]+10[-],1,1,1,3,0,0,0,0.5,1.5,4,20,1,25-3|,1,1,skills_laolian,0,12340,0,0,6,0,0,0,0,0
117,1021,老练,幸运值[00ff0c]+20[-],1,1,2,3,0,0,0,0.5,1.5,4,20,1,25-4|,1,1,skills_laolian,0,12340,0,0,6,0,0,0,0,0
118,1021,老练,幸运值[00ff0c]+30[-],1,1,3,3,0,0,0,0.5,1.5,4,20,1,25-5|,1,1,skills_laolian,0,12340,0,0,6,0,0,0,0,0
119,1022,贪婪,额外金币[00ff0c]+15[-],1,1,1,3,0,0,0,0.5,1.5,4,20,1,25-6|,1,1,skills_tanlan,0,12300,0,0,6,0,0,0,0,0
120,1022,贪婪,额外金币[00ff0c]+30[-],1,1,2,3,0,0,0,0.5,1.5,4,20,1,25-7|,1,1,skills_tanlan,0,12300,0,0,6,0,0,0,0,0
121,1022,贪婪,额外金币[00ff0c]+45[-],1,1,3,3,0,0,0,0.5,1.5,4,20,1,25-8|,1,1,skills_tanlan,0,12300,0,0,6,0,0,0,0,0
122,1023,精英猎手,对精英怪物增伤[00ff0c]50[-]%,1,2,1,3,0,0,0,0.5,1.5,4,20,1,21-1|,1,1,skills_yingxionglieshou,0,11230,0,0,7,0,0,0,0,0
123,1023,精英猎手,对精英怪物增伤[00ff0c]60[-]%,1,2,2,3,0,0,0,0.5,1.5,4,20,1,21-2|,1,1,skills_yingxionglieshou,0,11230,0,0,7,0,0,0,0,0
124,1023,精英猎手,对精英怪物增伤[00ff0c]70[-]%,1,2,3,3,0,0,0,0.5,1.5,4,20,1,21-3|,1,1,skills_yingxionglieshou,0,11230,0,0,7,0,0,0,0,0
125,1024,魔物复仇者,对BOSS伤害提高[00ff0c]30[-]%,1,2,1,3,0,0,0,0.5,1.5,4,20,1,21-4|,1,1,skills_mowufuchouzhe,0,11234,0,0,7,0,0,0,0,0
126,1024,魔物复仇者,对BOSS伤害提高[00ff0c]40[-]%,1,2,2,3,0,0,0,0.5,1.5,4,20,1,21-5|,1,1,skills_mowufuchouzhe,0,11234,0,0,7,0,0,0,0,0
127,1024,魔物复仇者,对BOSS伤害提高[00ff0c]50[-]%,1,2,3,3,0,0,0,0.5,1.5,4,20,1,21-6|,1,1,skills_mowufuchouzhe,0,11234,0,0,7,0,0,0,0,0
128,1025,坚韧,生命[00ff0c]+100[-],3,1,1,1,0,0,0,0.5,1.5,4,20,1,25-1|,1,1,skills_jianren,0,10000,0,0,6,0,0,0,0,0
129,1026,勇气,光属性[00ff0c]+5[-],3,1,1,1,0,0,0,0.5,1.5,4,20,1,25-2|,1,1,skills_yongqi,0,10000,0,0,6,0,0,0,0,0
130,1027,危险感应,每受到伤害，[毒伤害]增加[00ff0c]5[-]/[00ff0c]6[-]/[00ff0c]7[-]%，最多叠加[00ff0c]10[-]层,1,2,1,3,2,8,0,0.5,1.5,4,20,1,12-4|,1,1,skills_weixianganzhi,0,12460,0,0,6,0,0,0,0,0
131,1027,危险感应,每受到伤害，[毒伤害]增加[00ff0c]5[-]/[00ff0c]6[-]/[00ff0c]7[-]%，最多叠加[00ff0c]10[-]层,1,2,2,3,2,8,0,0.5,1.5,4,20,1,12-5|,1,1,skills_weixianganzhi,0,12460,0,0,6,0,0,0,0,0
132,1027,危险感应,每受到伤害，[毒伤害]增加[00ff0c]5[-]/[00ff0c]6[-]/[00ff0c]7[-]%，最多叠加[00ff0c]10[-]层,1,2,3,3,2,8,0,0.5,1.5,4,20,1,12-6|,1,1,skills_weixianganzhi,0,12460,0,0,6,0,0,0,0,0
133,1028,九死一生,自身血量，每降低[00ff0c]10[-]%，物攻最大值提高[00ff0c]10[-]%,1,2,1,3,2,8,0,0.5,1.5,4,20,1,13-1|,1,1,skills_jiusiyisheng,0,12357,0,0,6,0,0,0,0,0
134,1028,九死一生,自身血量，每降低[00ff0c]10[-]%，物攻最大值提高[00ff0c]20[-]%,1,2,2,3,2,8,0,0.5,1.5,4,20,1,13-2|,1,1,skills_jiusiyisheng,0,12357,0,0,6,0,0,0,0,0
135,1028,九死一生,自身血量，每降低[00ff0c]10[-]%，物攻最大值提高[00ff0c]20[-]%,1,2,3,3,2,8,0,0.5,1.5,4,20,1,13-3|,1,1,skills_jiusiyisheng,0,12357,0,0,6,0,0,0,0,0
136,1029,LCC,哈哈,1,2,1,3,2,2,0,0.5,1.5,4,20,1,26-1|,1,1,skills_jiusiyisheng,1,0,0,0,6,0,0,0,0,0
137,2001,元素飞舞,每[00ff0c]0[-].[00ff0c]5[-]秒造成物攻最大值[00ff0c]20[-]%伤害，持续[00ff0c]3[-]秒,1,2,1,3,0,6,fight3_yuansufeiwu,1,1,4,7,1,26-1|,1,1,skills_yuansufeiwu,1,21000,hero2_yuansufeiwu_new|attack_bao_fire,0.6,6,3,0.5|0.2,-0.2|0.2,1,0
138,2001,元素飞舞,每[00ff0c]0[-].[00ff0c]5[-]秒造成物攻最大值[00ff0c]25[-]%伤害，持续[00ff0c]3[-]秒,1,2,2,3,0,6,fight3_yuansufeiwu,1,1,4,7,1,26-2|,1,1,skills_yuansufeiwu,1,21000,hero2_yuansufeiwu_new|attack_bao_fire,0,6,3,0.5|0.2,-0.2|0.2,1,0
139,2001,元素飞舞,每[00ff0c]0[-].[00ff0c]5[-]秒造成物攻最大值[00ff0c]30[-]%伤害，持续[00ff0c]3[-]秒,1,2,3,3,0,6,fight3_yuansufeiwu,1,1,4,7,1,26-3|,1,1,skills_yuansufeiwu,1,21000,hero2_yuansufeiwu_new|attack_bao_fire,0,6,3,0.5|0.2,-0.2|0.2,1,0
140,2002,自然侵蚀,每秒造成物攻最大值[00ff0c]40[-]%伤害，持续[00ff0c]3[-]秒，减少目标造成伤害[00ff0c]10[-]%的能量,1,2,1,3,4,8,fight3,1.5,1.5,4,15,1,26-4|4-3,1,1,skills_ziranqinshi,1,21100,hero2_yuansufeiwu_new|attack_bao_fire,0,6,3,0.4|0.2,-0.2|0.2,1,0
141,2002,自然侵蚀,每秒造成物攻最大值[00ff0c]50[-]%伤害，持续[00ff0c]3[-]秒，减少目标造成伤害[00ff0c]16[-]%的能量,1,2,2,3,4,8,fight3,1.5,1.5,4,15,1,26-5|4-5,1,1,skills_ziranqinshi,1,21100,hero2_yuansufeiwu_new|attack_bao_fire,0,6,3,0.4|0.2,-0.2|0.2,1,0
142,2002,自然侵蚀,每秒造成物攻最大值[00ff0c]60[-]%伤害，持续[00ff0c]3[-]秒，减少目标造成伤害[00ff0c]20[-]%的能量,1,2,3,3,4,8,fight3,1.5,1.5,4,15,1,26-6|4-6,1,1,skills_ziranqinshi,1,21100,hero2_yuansufeiwu_new|attack_bao_fire,0,6,3,0.4|0.2,-0.2|0.2,1,0
143,2003,痛苦无常,元素飞舞和自然侵蚀的持续伤害，立即生效，减少目标造成伤害[00ff0c]10[-]%的能量,1,2,1,3,12,8,fight3,0.5,1,4,39,1,31-1|4-3,1,1,skills_tongkuwuchang,1,21111,hero2_zhansha_new|,0.5,6,2,0|0.35,0|0.35,1,0
144,2003,痛苦无常,元素飞舞和自然侵蚀的持续伤害，立即生效，减少目标造成伤害[00ff0c]16[-]%的能量,1,2,2,3,12,8,fight3,0.5,1,4,39,1,31-1|4-5,1,1,skills_tongkuwuchang,1,21111,hero2_zhansha_new|,0.5,6,2,0|0.35,0|0.35,1,0
145,2003,痛苦无常,元素飞舞和自然侵蚀的持续伤害，立即生效，减少目标造成伤害[00ff0c]20[-]%的能量,1,2,3,3,12,8,fight3,0.5,1,4,39,1,31-1|4-6,1,1,skills_tongkuwuchang,1,21111,hero2_zhansha_new|,0.5,6,2,0|0.35,0|0.35,1,0
146,2004,火球术,每秒造成火属性攻击[00ff0c]155[-]%伤害，附带灼烧,1,2,1,3,4,8,fight3_huoqiushu,1,1,4,15,1,1-22|2-4,1,1,skills_huoqiushu,1,21200,hero2_huoqiushu_new|hero2_huoqiushu_baodian_new,0.5,2,3,0.4|0.2,-0.1|0.2,1,0
147,2004,火球术,每秒造成火属性攻击[00ff0c]165[-]%伤害，附带灼烧,1,2,2,3,4,8,fight3_huoqiushu,1,1,4,15,1,1-23|2-5,1,1,skills_huoqiushu,1,21200,hero2_huoqiushu_new|hero2_huoqiushu_baodian_new,0.5,2,3,0.4|0.2,-0.1|0.2,1,0
148,2004,火球术,每秒造成火属性攻击[00ff0c]185[-]%伤害，附带灼烧,1,2,3,3,4,8,fight3_huoqiushu,1,1,4,15,1,1-24|2-6,1,1,skills_huoqiushu,1,21200,hero2_huoqiushu_new|hero2_huoqiushu_baodian_new,0.5,2,3,0.4|0.2,-0.1|0.2,1,0
149,2005,火焰之握,每秒造成火属性攻击[00ff0c]340[-]%伤害，并附[00ff0c]0[-]-[00ff0c]333[-]额外伤害,1,2,1,3,12,30,fight3,0.5,1.5,4,39,1,1-25|17-5,1,1,skills_huoyanzhiwo,1,21222,hero2_huoyanzhiwo_new|hero2_huoqiushu_baodian_new,0.3,2,2,0|0.3,-0.1|0.25,1,0
150,2005,火焰之握,每秒造成火属性攻击[00ff0c]380[-]%伤害，并附[00ff0c]0[-]-[00ff0c]666[-]额外伤害,1,2,2,3,12,30,fight3,0.5,1.5,4,39,1,1-26|17-6,1,1,skills_huoyanzhiwo,1,21222,hero2_huoyanzhiwo_new|hero2_huoqiushu_baodian_new,0.3,2,2,0|0.3,-0.1|0.25,1,0
151,2005,火焰之握,每秒造成火属性攻击[00ff0c]460[-]%伤害，并附[00ff0c]0[-]-[00ff0c]999[-]额外伤害,1,2,3,3,12,30,fight3,0.5,1.5,4,39,1,1-27|17-7,1,1,skills_huoyanzhiwo,1,21222,hero2_huoyanzhiwo_new|hero2_huoqiushu_baodian_new,0.3,2,2,0|0.3,-0.1|0.25,1,0
152,2006,闪光一击,每秒造成光属性攻击[00ff0c]170[-]%伤害,1,2,1,3,4,8,shifa,0.3,1,4,15,1,1-28|,1,1,skills_sanguangyiji,1,22300,hero2_shanguangyiji_new|,0.3,4,2,0|0.35,0|0.35,1,0
153,2006,闪光一击,每秒造成光属性攻击[00ff0c]180[-]%伤害,1,2,2,3,4,8,shifa,0.3,1,4,15,1,1-29|,1,1,skills_sanguangyiji,1,22300,hero2_shanguangyiji_new|,0.3,4,2,0|0.35,0|0.35,1,0
154,2006,闪光一击,每秒造成光属性攻击[00ff0c]210[-]%伤害,1,2,3,3,4,8,shifa,0.3,1,4,15,1,1-30|,1,1,skills_sanguangyiji,1,22300,hero2_shanguangyiji_new|,0.3,4,2,0|0.35,0|0.35,1,0
155,2007,风翼天翔,每秒造成光属性攻击[00ff0c]210[-]%伤害,1,2,1,3,12,30,fight3,1,1,4,39,1,1-25|,1,1,skills_fengyitianxiang,1,22333,hero2_fengyitianxiang_new|hero2_fengyitianxiang_baodian_new,0,4,3,0|0,-0.6|-0.4,1,0
156,2007,风翼天翔,每秒造成光属性攻击[00ff0c]210[-]%伤害,1,2,2,3,12,30,fight3,1,1,4,39,1,1-26|,1,1,skills_fengyitianxiang,1,22333,hero2_fengyitianxiang_new|hero2_fengyitianxiang_baodian_new,0,4,3,0|0,-0.6|-0.4,1,0
157,2007,风翼天翔,每秒造成光属性攻击[00ff0c]210[-]%伤害,1,2,3,3,12,30,fight3,1,1,4,39,1,1-27|,1,1,skills_fengyitianxiang,1,22333,hero2_fengyitianxiang_new|hero2_fengyitianxiang_baodian_new,0,4,3,0|0,-0.6|-0.4,1,0
158,2008,克敌制胜,[00ff0c]8[-]秒内自身无法移动，持续时间结束后，对目标造成受到伤害+冰属性伤害*[00ff0c]700[-]%,1,2,1,3,6,15,fight4,0.5,1.5,4,23,1,32-1|,1,1,skills_kedizhisheng,1,22440,0,0,1,1,0|0.3,0|0,1,0
159,2008,克敌制胜,[00ff0c]8[-]秒内自身无法移动，持续时间结束后，对目标造成受到伤害+冰属性伤害*[00ff0c]800[-]%,1,2,2,3,6,15,fight4,0.5,1.5,4,23,1,32-2|,1,1,skills_kedizhisheng,1,22440,0,0,1,1,0|0.3,0|0,1,0
160,2008,克敌制胜,[00ff0c]8[-]秒内自身无法移动，持续时间结束后，对目标造成受到伤害+冰属性伤害*[00ff0c]900[-]%,1,2,3,3,6,15,fight4,0.5,1.5,4,23,1,32-3|,1,1,skills_kedizhisheng,1,22440,0,0,1,1,0|0.3,0|0,1,0
161,2009,法力损毁,减少敌人造成伤害[00ff0c]3[-]%的能量,1,2,1,3,0,0,0,0.5,1.5,4,0,1,4-1|,1,1,skills_falisuohui,0,21110,0,0,7,0,0,0,0,0
162,2009,法力损毁,减少敌人造成伤害[00ff0c]6[-]%的能量,1,2,2,3,0,0,0,0.5,1.5,4,0,1,4-2|,1,1,skills_falisuohui,0,21110,0,0,7,0,0,0,0,0
163,2009,法力损毁,减少敌人造成伤害[00ff0c]10[-]%的能量,1,2,3,3,0,0,0,0.5,1.5,4,0,1,4-3|,1,1,skills_falisuohui,0,21110,0,0,7,0,0,0,0,0
164,2010,火焰气息,火属性增加[00ff0c]25[-],1,1,1,3,0,0,0,0.5,1.5,4,0,1,25-9|,1,1,skills_huoyanqixi,0,21220,0,0,7,0,0,0,0,0
165,2010,火焰气息,火属性增加[00ff0c]50[-],1,1,2,3,0,0,0,0.5,1.5,4,0,1,25-10|,1,1,skills_huoyanqixi,0,21220,0,0,7,0,0,0,0,0
166,2010,火焰气息,火属性增加[00ff0c]100[-],1,1,3,3,0,0,0,0.5,1.5,4,0,1,25-11|,1,1,skills_huoyanqixi,0,21220,0,0,7,0,0,0,0,0
167,2011,银光护盾,最大防御力增加[00ff0c]30[-],1,1,1,3,0,6,shifa,0.5,1.5,4,7,1,7-20|,1,1,skills_yinguanghudun,0,22000,hero2_kedizhisheng_new,0,7,1,0|0.3,0|0,1,0
168,2011,银光护盾,最大防御力增加[00ff0c]60[-],1,1,2,3,0,6,shifa,0.5,1.5,4,7,1,7-21|,1,1,skills_yinguanghudun,0,22000,hero2_kedizhisheng_new,0,7,1,0|0.3,0|0,1,0
169,2011,银光护盾,最大防御力增加[00ff0c]90[-],1,1,3,3,0,6,shifa,0.5,1.5,4,7,1,7-22|,1,1,skills_yinguanghudun,0,22000,hero2_kedizhisheng_new,0,7,1,0|0.3,0|0,1,0
170,2012,战斗号角,物攻最大值增加[00ff0c]20[-]，光属性攻击增加[00ff0c]10[-],1,1,1,3,0,0,0,0.5,1.5,4,0,1,25-12|25-15,1,1,skills_zhandouhaojiao,0,22330,0,0,7,0,0,0,0,0
171,2012,战斗号角,物攻最大值增加[00ff0c]40[-]，光属性攻击增加[00ff0c]20[-],1,1,2,3,0,0,0,0.5,1.5,4,0,1,25-13|25-16,1,1,skills_zhandouhaojiao,0,22330,0,0,7,0,0,0,0,0
172,2012,战斗号角,物攻最大值增加[00ff0c]80[-]，光属性攻击增加[00ff0c]40[-],1,1,3,3,0,0,0,0.5,1.5,4,0,1,25-14|25-17,1,1,skills_zhandouhaojiao,0,22330,0,0,7,0,0,0,0,0
173,2013,尖刺护甲,每受到伤害，冰属性攻击增加[00ff0c]3[-]%，最多叠加[00ff0c]5[-]层,1,1,1,3,0,0,0,0.5,1.5,4,0,1,12-7|,1,1,skills_jiancihujia,0,22400,0,0,7,0,0,0,0,0
174,2013,尖刺护甲,每受到伤害，冰属性攻击增加[00ff0c]4[-]%，最多叠加[00ff0c]5[-]层,1,1,2,3,0,0,0,0.5,1.5,4,0,1,12-8|,1,1,skills_jiancihujia,0,22400,0,0,7,0,0,0,0,0
175,2013,尖刺护甲,每受到伤害，冰属性攻击增加[00ff0c]5[-]%，最多叠加[00ff0c]5[-]层,1,1,3,3,0,0,0,0.5,1.5,4,0,1,12-9|,1,1,skills_jiancihujia,0,22400,0,0,7,0,0,0,0,0
176,2014,不屈意志,生命最大值增加[00ff0c]600[-],1,1,1,3,0,0,0,0.5,1.5,4,0,1,25-18|,1,1,skills_buquyizhi,0,22444,0,0,7,0,0,0,0,0
177,2014,不屈意志,生命最大值增加[00ff0c]1200[-],1,1,2,3,0,0,0,0.5,1.5,4,0,1,25-19|,1,1,skills_buquyizhi,0,22444,0,0,7,0,0,0,0,0
178,2014,不屈意志,生命最大值增加[00ff0c]2400[-],1,1,3,3,0,0,0,0.5,1.5,4,0,1,25-20|,1,1,skills_buquyizhi,0,22444,0,0,7,0,0,0,0,0
179,2016,能量亲和,战斗结束（胜利），恢复能量[00ff0c]25[-],3,1,1,1,0,0,0,0.5,1.5,4,0,1,27-1|,1,1,skills_nengliangqinhe,0,20000,0,0,7,0,0,0,0,0
180,2017,元素掌控,冰、光、火属性攻击[00ff0c]+5[-],3,1,1,1,0,0,0,0.5,1.5,4,0,1,25-21|25-22|25-23,1,1,skills_yuansuzhangkong,0,20000,0,0,7,0,0,0,0,0
181,3001,致残,造成物攻最大值[00ff0c]128[-]%的伤害，附带减速,1,2,1,3,0,6,attack,0.5,1.5,4,7,1,1-31|8-11|,1,1,skills_zhican,1,31000,|attack_bao_fire,0,6,2,0|0.35,0|0.35,1,0
182,3001,致残,造成物攻最大值[00ff0c]136[-]%的伤害，附带减速,1,2,2,3,0,6,attack,0.5,1.5,4,7,1,1-32|8-12|,1,1,skills_zhican,1,31000,|attack_bao_fire,0,6,2,0|0.35,0|0.35,1,0
183,3001,致残,造成物攻最大值[00ff0c]153[-]%的伤害，附带减速,1,2,3,3,0,6,attack,0.5,1.5,4,7,1,1-33|8-13|,1,1,skills_zhican,1,31000,|attack_bao_fire,0,6,2,0|0.35,0|0.35,1,0
184,3002,斩杀,造成物攻最大值[00ff0c]182[-]%的伤害，立即杀死血量小于[00ff0c]20[-]%的敌人,1,2,1,3,6,15,fight3,0.5,1.5,4,23,1,1-34|28-1,1,1,skills_zhansha,1,31110,hero3_zhansha_new|,0.8,6,2,0|0.35,0|0.35,1,0
185,3002,斩杀,造成物攻最大值[00ff0c]198[-]%的伤害，附带减速，立即杀死血量小于[00ff0c]21[-]%的敌人,1,2,2,3,6,15,fight3,0.5,1.5,4,23,1,1-35|28-2,1,1,skills_zhansha,1,31110,hero3_zhansha_new|,0.8,6,2,0|0.35,0|0.35,1,0
186,3002,斩杀,造成物攻最大值[00ff0c]239[-]%的伤害，附带减速，立即杀死血量小于[00ff0c]22[-]%的敌人,1,2,3,3,6,15,fight3,0.5,1.5,4,23,1,1-36|28-3,1,1,skills_zhansha,1,31110,hero3_zhansha_new|,0.8,6,2,0|0.35,0|0.35,1,0
187,3003,连击,连续造成[00ff0c]2[-]次暗属性攻击[00ff0c]75[-]%的伤害,1,2,1,3,0,6,fight2,0.6,1.5,4,7,1,26-7|,1,1,skills_lianji,1,32000,|attack_magic_bao,0,5,2,0|0,0|0.2,1,0
188,3003,连击,连续造成[00ff0c]2[-]次暗属性攻击[00ff0c]85[-]%的伤害,1,2,2,3,0,6,fight2,0.6,1.5,4,7,1,26-8|,1,1,skills_lianji,1,32000,|attack_magic_bao,0,5,2,0|0,0|0.2,1,0
189,3003,连击,连续造成[00ff0c]2[-]次暗属性攻击[00ff0c]95[-]%的伤害,1,2,3,3,0,6,fight2,0.6,1.5,4,7,1,26-9|,1,1,skills_lianji,1,32000,|attack_magic_bao,0,5,2,0|0,0|0.2,1,0
190,3004,暗影打击,造成暗属性攻击[00ff0c]220[-]%的伤害，减少目标[00ff0c]10[-]%的能量,1,2,1,3,6,15,attack,0.5,1.5,4,23,1,1-37|4-3,1,1,skills_anyingdaji,1,32220,|attack_daoguangbaodian,0,5,2,0|0,0|0.2,1,0
191,3004,暗影打击,造成暗属性攻击[00ff0c]245[-]%的伤害，减少目标[00ff0c]16[-]%的能量,1,2,2,3,6,15,attack,0.5,1.5,4,23,1,1-38|4-5,1,1,skills_anyingdaji,1,32220,|attack_daoguangbaodian,0,5,2,0|0,0|0.2,1,0
192,3004,暗影打击,造成暗属性攻击[00ff0c]285[-]%的伤害，减少目标[00ff0c]20[-]%的能量,1,2,3,3,6,15,attack,0.5,1.5,4,23,1,1-39|4-6,1,1,skills_anyingdaji,1,32220,|attack_daoguangbaodian,0,5,2,0|0,0|0.2,1,0
193,3005,复仇,暴击率提高[00ff0c]30[-]%，暴击伤害提高[00ff0c]50[-]%，持续[00ff0c]10[-]秒,1,2,1,3,6,15,shifa,0.5,1.5,4,23,1,7-23|7-26|,1,1,skills_fuchou,1,33330,|hero_qiannengbaofa_fuchou,0,7,1,0|0,0|0.2,1,0
194,3005,复仇,暴击率提高[00ff0c]40[-]%，暴击伤害提高[00ff0c]75[-]%，持续[00ff0c]10[-]秒,1,2,2,3,6,15,shifa,0.5,1.5,4,23,1,7-24|7-27|,1,1,skills_fuchou,1,33330,|hero_qiannengbaofa_fuchou,0,7,1,0|0,0|0.2,1,0
195,3005,复仇,暴击率提高[00ff0c]50[-]%，暴击伤害提高[00ff0c]100[-]%，持续[00ff0c]10[-]秒,1,2,3,3,6,15,shifa,0.5,1.5,4,23,1,7-25|7-28|,1,1,skills_fuchou,1,33330,|hero_qiannengbaofa_fuchou,0,7,1,0|0,0|0.2,1,0
196,3006,力量窃取,物攻最大值提高[00ff0c]65[-]点，持续[00ff0c]10[-]秒,1,2,1,3,6,15,shifa,1.5,1.5,4,23,1,7-29|,1,1,skills_liliangqiequ,1,33330,hero_zhisidaji_zhuanyi|hero3_yuansufeiwu_liliangqiequ,0,7,4,0|0.4,0|0.2,2,0
197,3006,力量窃取,物攻最大值提高[00ff0c]130[-]点，持续[00ff0c]10[-]秒,1,2,2,3,6,15,shifa,1.5,1.5,4,23,1,7-30|,1,1,skills_liliangqiequ,1,33330,hero_zhisidaji_zhuanyi|hero3_yuansufeiwu_liliangqiequ,0,7,4,0|0.4,0|0.2,2,0
198,3006,力量窃取,物攻最大值提高[00ff0c]195[-]点，持续[00ff0c]10[-]秒,1,2,3,3,6,15,shifa,1.5,1.5,4,23,1,7-31|,1,1,skills_liliangqiequ,1,33330,hero_zhisidaji_zhuanyi|hero3_yuansufeiwu_liliangqiequ,0,7,4,0|0.4,0|0.2,2,0
199,3007,幽冥冲击,造成暗属性伤害[00ff0c]170[-]%的伤害，附带眩晕[00ff0c]1[-]秒,1,2,1,3,4,8,attack2,0.5,1.5,4,15,1,1-40|9-1,1,1,skills_youmingchongji,1,34400,|attack_daoguangbaodian,0,5,4,0|0,0|0.2,1,0
200,3007,幽冥冲击,造成暗属性伤害[00ff0c]185[-]%的伤害，附带眩晕[00ff0c]2[-]秒,1,2,2,3,4,8,attack2,0.5,1.5,4,15,1,1-41|9-2,1,1,skills_youmingchongji,1,34400,|attack_daoguangbaodian,0,5,4,0|0,0|0.2,1,0
201,3007,幽冥冲击,造成暗属性伤害[00ff0c]210[-]%的伤害，附带眩晕[00ff0c]3[-]秒,1,2,3,3,4,8,attack2,0.5,1.5,4,15,1,1-42|9-3,1,1,skills_youmingchongji,1,34400,|attack_daoguangbaodian,0,5,4,0|0,0|0.2,1,0
202,3008,骑士之怒,造成暗属性攻击[00ff0c]220[-]%的伤害，恢复造成伤害[00ff0c]10[-]%的生命,1,2,1,3,6,15,fight4,0.5,1.5,4,23,1,1-37|3-3,1,1,skills_qishizhinu,1,34440,|hero3_qishizhinu_ground_new,0,5,2,0|0,0|0.2,1,0
203,3008,骑士之怒,造成暗属性攻击[00ff0c]245[-]%的伤害，恢复造成伤害[00ff0c]16[-]%的生命,1,2,2,3,6,15,fight4,0.5,1.5,4,23,1,1-38|3-5,1,1,skills_qishizhinu,1,34440,|hero3_qishizhinu_ground_new,0,5,2,0|0,0|0.2,1,0
204,3008,骑士之怒,造成暗属性攻击[00ff0c]285[-]%的伤害，恢复造成伤害[00ff0c]20[-]%的生命,1,2,3,3,6,15,fight4,0.5,1.5,4,23,1,1-39|3-6,1,1,skills_qishizhinu,1,34440,|hero3_qishizhinu_ground_new,0,5,2,0|0,0|0.2,1,0
205,3009,无限剑制,连续向目标发动[00ff0c]7[-]次暗属性攻击[00ff0c]50[-]%的伤害,1,2,1,3,12,30,shifa,1,2,4,39,1,26-11|,1,1,skills_wuxianjianzhi,1,34444,hero3_wuxianjianzhi_new|attack_daoguangbaodian,0,5,2,-1.5|0.7,-0.7|0.2,1,0
206,3009,无限剑制,连续向目标发动[00ff0c]7[-]次暗属性攻击[00ff0c]60[-]%的伤害,1,2,2,3,12,30,shifa,1,2,4,39,1,26-12|,1,1,skills_wuxianjianzhi,1,34444,hero3_wuxianjianzhi_new|attack_daoguangbaodian,0,5,2,-1.5|0.7,-0.7|0.2,1,0
207,3009,无限剑制,连续向目标发动[00ff0c]7[-]次暗属性攻击[00ff0c]70[-]%的伤害,1,2,3,3,12,30,shifa,1,2,4,39,1,26-13|,1,1,skills_wuxianjianzhi,1,34444,hero3_wuxianjianzhi_new|attack_daoguangbaodian,0,5,2,-1.5|0.7,-0.7|0.2,1,0
208,3010,屠夫,减少敌方攻击速度[00ff0c]10[-]%，持续[00ff0c]5[-]秒,1,2,1,3,0,0,0,0.5,1.5,4,0,1,8-11|,1,1,skills_tufu,0,31100,0,0,7,0,0,0,0,0
209,3010,屠夫,减少敌方攻击速度[00ff0c]20[-]%，持续[00ff0c]5[-]秒,1,2,2,3,0,0,0,0.5,1.5,4,0,1,8-12|,1,1,skills_tufu,0,31100,0,0,7,0,0,0,0,0
210,3010,屠夫,减少敌方攻击速度[00ff0c]30[-]%，持续[00ff0c]5[-]秒,1,2,3,3,0,0,0,0.5,1.5,4,0,1,8-13|,1,1,skills_tufu,0,31100,0,0,7,0,0,0,0,0
211,3011,泰坦之握,你物攻最小值等于物攻最大值的[00ff0c]60[-]%,1,1,1,3,0,0,0,0.5,1.5,4,0,1,30-1|,1,1,skills_taitanzhiwo,0,31111,0,0,7,0,0,0,0,0
212,3011,泰坦之握,你物攻最小值等于物攻最大值的[00ff0c]70[-]%,1,1,2,3,0,0,0,0.5,1.5,4,0,1,30-2|,1,1,skills_taitanzhiwo,0,31111,0,0,7,0,0,0,0,0
213,3011,泰坦之握,你物攻最小值等于物攻最大值的[00ff0c]80[-]%,1,1,3,3,0,0,0,0.5,1.5,4,0,1,30-3|,1,1,skills_taitanzhiwo,0,31111,0,0,7,0,0,0,0,0
214,3012,暗夜使者,暗属性攻击增加[00ff0c]25[-],1,1,1,3,4,8,0,0.5,1.5,4,15,1,25-24|,1,1,skills_anyingshizhe,0,32200,0,0,7,0,0,0,0,0
215,3012,暗夜使者,暗属性攻击增加[00ff0c]50[-],1,1,2,3,4,8,0,0.5,1.5,4,15,1,25-25|,1,1,skills_anyingshizhe,0,32200,0,0,7,0,0,0,0,0
216,3012,暗夜使者,暗属性攻击增加[00ff0c]100[-],1,1,3,3,4,8,0,0.5,1.5,4,15,1,25-26|,1,1,skills_anyingshizhe,0,32200,0,0,7,0,0,0,0,0
217,3013,精英猎手,对精英怪物增伤[00ff0c]50[-]%,1,2,1,3,0,0,0,0.5,1.5,4,0,1,21-1|,1,1,skills_jingyinglieshou,0,11230,0,0,7,0,0,0,0,0
218,3013,精英猎手,对精英怪物增伤[00ff0c]60[-]%,1,2,2,3,0,0,0,0.5,1.5,4,0,1,21-2|,1,1,skills_jingyinglieshou,0,11230,0,0,7,0,0,0,0,0
219,3013,精英猎手,对精英怪物增伤[00ff0c]70[-]%,1,2,3,3,0,0,0,0.5,1.5,4,0,1,21-3|,1,1,skills_jingyinglieshou,0,11230,0,0,7,0,0,0,0,0
220,3014,死亡契约,每杀死怪物增加[00ff0c]1[-]点攻击力,1,1,1,3,0,0,0,0.5,1.5,4,0,1,29-1|,1,1,skills_siwangqiyue,0,33000,0,0,7,0,0,0,0,0
221,3014,死亡契约,每杀死怪物增加[00ff0c]2[-]点攻击力,1,1,2,3,0,0,0,0.5,1.5,4,0,1,29-2|,1,1,skills_siwangqiyue,0,33000,0,0,7,0,0,0,0,0
222,3014,死亡契约,每杀死怪物增加[00ff0c]3[-]点攻击力,1,1,3,3,0,0,0,0.5,1.5,4,0,1,29-3|,1,1,skills_siwangqiyue,0,33000,0,0,7,0,0,0,0,0
223,3015,浸毒武器,毒属性攻击增加[00ff0c]25[-],1,1,1,3,0,0,0,0.5,1.5,4,0,1,25-27|,1,1,skills_qinduwuqi,0,33300,0,0,7,0,0,0,0,0
224,3015,浸毒武器,毒属性攻击增加[00ff0c]50[-],1,1,2,3,0,0,0,0.5,1.5,4,0,1,25-28|,1,1,skills_qinduwuqi,0,33300,0,0,7,0,0,0,0,0
225,3015,浸毒武器,毒属性攻击增加[00ff0c]100[-],1,1,3,3,0,0,0,0.5,1.5,4,0,1,25-29|,1,1,skills_qinduwuqi,0,33300,0,0,7,0,0,0,0,0
226,3016,削弱,物攻最小值减少[00ff0c]3[-]，持续[00ff0c]5[-]秒,1,2,1,3,0,0,0,0.5,1.5,4,0,1,8-14|,1,1,skills_xiaoruo,0,34000,0,0,7,0,0,0,0,0
227,3016,削弱,物攻最小值减少[00ff0c]5[-]，持续[00ff0c]5[-]秒,1,2,2,3,0,0,0,0.5,1.5,4,0,1,8-15|,1,1,skills_xiaoruo,0,34000,0,0,7,0,0,0,0,0
228,3016,削弱,物攻最小值减少[00ff0c]7[-]，持续[00ff0c]5[-]秒,1,2,3,3,0,0,0,0.5,1.5,4,0,1,8-16|,1,1,skills_xiaoruo,0,34000,0,0,7,0,0,0,0,0
229,3017,探宝者,幸运值增加[00ff0c]10[-],3,1,1,1,0,0,0,0.5,1.5,4,0,1,25-30|,1,1,skills_tanbaozhe,0,30000,0,0,7,0,0,0,0,0
230,3018,被遗忘者,战斗结束（胜利），恢复生命[00ff0c]50[-],3,1,1,1,0,0,0,0.5,1.5,4,0,1,27-2|,1,1,skills_yiwangzhe,0,30000,0,0,7,0,0,0,0,0
