id,基础技能id,基础技能名字,技能图标,技能描述,等级,伤害类型,{人物属性},系数{a},系数{b},系数{c},技能特效,特效位置,地面特效,施法对象,技能属性类型
id,skill_base_id,skill_base_name,icon,skill_base_desc,skill_base_level,skill_type,attribute,a,b,c,effect_name,effect_Position,ground_effect_name,conjure_target,attributeType
int,int,string,string,string,int,int,int,float,float,float,string,string,string,int,int
1,1,人类/猛击1,buff_bleeding,造成 {人物属性}*{a}%+{b}的伤害,1,1,1,1.28,0,0,0,mid,0,2,0
2,1,人类/猛击2,buff_bleeding,造成 {人物属性}*{a}%+{b}的伤害,2,1,1,1.4,0,0,0,mid,0,2,0
3,1,人类/猛击3,buff_bleeding,造成 {人物属性}*{a}%+{b}的伤害,3,1,1,1.53,0,0,0,mid,0,2,0
4,1,人类/灵魂鞭笞1&石锤,buff_bleeding,造成 {人物属性}*{a}%+{b}的伤害,4,1,1,1.73,0,0,0,mid,0,2,0
5,1,人类/灵魂鞭笞2&石锤,buff_bleeding,造成 {人物属性}*{a}%+{b}的伤害,5,1,1,1.98,0,0,0,mid,0,2,0
6,1,人类/灵魂鞭笞3&石锤,buff_bleeding,造成 {人物属性}*{a}%+{b}的伤害,6,1,1,2.39,0,0,0,mid,0,2,0
7,1,人类/致死打击1,buff_bleeding,造成 {人物属性}*{a}%+{b}的伤害,7,1,1,2.39,0,0,0,mid,0,2,0
8,1,人类/致死打击2,buff_bleeding,造成 {人物属性}*{a}%+{b}的伤害,8,1,1,3.14,0,0,0,mid,0,2,0
9,1,人类/致死打击3,buff_bleeding,造成 {人物属性}*{a}%+{b}的伤害,9,1,1,3.8,0,0,0,mid,0,2,0
10,1,人类/帝国剑术1,buff_bleeding,造成 {人物属性}*{a}%+{b}的伤害,10,1,1,1.32,0,0,0,mid,0,2,0
11,1,人类/帝国剑术2,buff_bleeding,造成 {人物属性}*{a}%+{b}的伤害,11,1,1,1.49,0,0,0,mid,0,2,0
12,1,人类/帝国剑术3,buff_bleeding,造成 {人物属性}*{a}%+{b}的伤害,12,1,1,1.73,0,0,0,mid,0,2,0
13,1,人类/银剑1,buff_bleeding,造成 {人物属性}*{a}%+{b}的伤害,13,5,12,3.1,0,0,0,mid,0,2,0
14,1,人类/银剑2,buff_bleeding,造成 {人物属性}*{a}%+{b}的伤害,14,5,12,3.7,0,0,0,mid,0,2,0
15,1,人类/银剑3,buff_bleeding,造成 {人物属性}*{a}%+{b}的伤害,15,5,12,4.5,0,0,0,mid,0,2,0
16,1,人类/割裂1,buff_bleeding,造成 {人物属性}*{a}%+{b}的伤害,16,4,11,1.7,0,0,0,mid,0,2,0
17,1,人类/割裂2,buff_bleeding,造成 {人物属性}*{a}%+{b}的伤害,17,4,11,1.85,0,0,0,mid,0,2,0
18,1,人类/割裂3,buff_bleeding,造成 {人物属性}*{a}%+{b}的伤害,18,4,11,2.1,0,0,0,mid,0,2,0
19,1,人类/弱点击破1,buff_bleeding,造成 {人物属性}*{a}%+{b}的伤害,19,4,11,3.25,0,0,0,mid,0,2,0
20,1,人类/弱点击破2,buff_bleeding,造成 {人物属性}*{a}%+{b}的伤害,20,4,11,3.8,0,0,0,mid,0,2,0
21,1,人类/弱点击破3,buff_bleeding,造成 {人物属性}*{a}%+{b}的伤害,21,4,11,4.5,0,0,0,mid,0,2,0
22,1,精灵/火球术1,buff_bleeding,造成 {人物属性}*{a}%+{b}的伤害,22,3,9,1.55,0,0,0,mid,0,2,0
23,1,精灵/火球术2,buff_bleeding,造成 {人物属性}*{a}%+{b}的伤害,23,3,9,1.65,0,0,0,mid,0,2,0
24,1,精灵/火球术3,buff_bleeding,造成 {人物属性}*{a}%+{b}的伤害,24,3,9,1.85,0,0,0,mid,0,2,0
25,1,精灵/火焰之握1&凤凰天翔,buff_bleeding,造成 {人物属性}*{a}%+{b}的伤害,25,3,9,3.4,0,0,0,mid,0,2,0
26,1,精灵/火焰之握2&凤凰天翔,buff_bleeding,造成 {人物属性}*{a}%+{b}的伤害,26,3,9,3.8,0,0,0,mid,0,2,0
27,1,精灵/火焰之握3&凤凰天翔,buff_bleeding,造成 {人物属性}*{a}%+{b}的伤害,27,3,9,4.6,0,0,0,mid,0,2,0
28,1,精灵/闪光一击1,buff_bleeding,造成 {人物属性}*{a}%+{b}的伤害,28,5,12,1.7,0,0,0,mid,0,2,0
29,1,精灵/闪光一击2,buff_bleeding,造成 {人物属性}*{a}%+{b}的伤害,29,5,12,1.8,0,0,0,mid,0,2,0
30,1,精灵/闪光一击3,buff_bleeding,造成 {人物属性}*{a}%+{b}的伤害,30,5,12,2.1,0,0,0,mid,0,2,0
31,1,亡灵/致残1,buff_bleeding,造成 {人物属性}*{a}%+{b}的伤害,31,1,1,1.28,0,0,0,mid,0,2,0
32,1,亡灵/致残2,buff_bleeding,造成 {人物属性}*{a}%+{b}的伤害,32,1,1,1.36,0,0,0,mid,0,2,0
33,1,亡灵/致残3,buff_bleeding,造成 {人物属性}*{a}%+{b}的伤害,33,1,1,1.53,0,0,0,mid,0,2,0
34,1,亡灵/斩杀1,buff_bleeding,造成 {人物属性}*{a}%+{b}的伤害,34,1,1,1.82,0,0,0,mid,0,2,0
35,1,亡灵/斩杀2,buff_bleeding,造成 {人物属性}*{a}%+{b}的伤害,35,1,1,1.98,0,0,0,mid,0,2,0
36,1,亡灵/斩杀3,buff_bleeding,造成 {人物属性}*{a}%+{b}的伤害,36,1,1,2.39,0,0,0,mid,0,2,0
37,1,亡灵/暗影打击1&骑士之怒,buff_bleeding,造成 {人物属性}*{a}%+{b}的伤害,37,6,13,2.2,0,0,0,mid,0,2,0
38,1,亡灵/暗影打击2&骑士之怒,buff_bleeding,造成 {人物属性}*{a}%+{b}的伤害,38,6,13,2.45,0,0,0,mid,0,2,0
39,1,亡灵/暗影打击3&骑士之怒,buff_bleeding,造成 {人物属性}*{a}%+{b}的伤害,39,6,13,2.85,0,0,0,mid,0,2,0
40,1,亡灵/幽冥冲击1,buff_bleeding,造成 {人物属性}*{a}%+{b}的伤害,40,6,13,1.7,0,0,0,mid,0,2,0
41,1,亡灵/幽冥冲击2,buff_bleeding,造成 {人物属性}*{a}%+{b}的伤害,41,6,13,1.85,0,0,0,mid,0,2,0
42,1,亡灵/幽冥冲击3,buff_bleeding,造成 {人物属性}*{a}%+{b}的伤害,42,6,13,2.1,0,0,0,mid,0,2,0
43,1,怪物/物攻最大值1,buff_bleeding,造成 {人物属性}*{a}%+{b}的伤害,43,1,1,1.3200000000000003,0,0,0,mid,0,2,0
44,1,怪物/物攻最大值2,buff_bleeding,造成 {人物属性}*{a}%+{b}的伤害,44,1,1,2.475,0,0,0,mid,0,2,0
45,1,怪物/冰属性攻击1,buff_bleeding,造成 {人物属性}*{a}%+{b}的伤害,45,2,10,1.6,0,0,0,mid,0,2,0
46,1,怪物/冰属性攻击2,buff_bleeding,造成 {人物属性}*{a}%+{b}的伤害,46,2,10,3,0,0,0,mid,0,2,0
47,1,怪物/火属性攻击1,buff_bleeding,造成 {人物属性}*{a}%+{b}的伤害,47,3,9,1.6,0,0,0,mid,0,2,0
48,1,怪物/火属性攻击2,buff_bleeding,造成 {人物属性}*{a}%+{b}的伤害,48,3,9,3,0,0,0,mid,0,2,0
49,1,怪物/毒属性攻击1,buff_bleeding,造成 {人物属性}*{a}%+{b}的伤害,49,4,11,1.6,0,0,0,mid,0,2,0
50,1,怪物/毒属性攻击2,buff_bleeding,造成 {人物属性}*{a}%+{b}的伤害,50,4,11,3,0,0,0,mid,0,2,0
51,1,怪物/光属性攻击1,buff_bleeding,造成 {人物属性}*{a}%+{b}的伤害,51,5,12,1.6,0,0,0,mid,0,2,0
52,1,怪物/光属性攻击2,buff_bleeding,造成 {人物属性}*{a}%+{b}的伤害,52,5,12,3,0,0,0,mid,0,2,0
53,1,怪物/暗属性攻击1,buff_bleeding,造成 {人物属性}*{a}%+{b}的伤害,53,6,13,1.6,0,0,0,mid,0,2,0
54,1,怪物/暗属性攻击2,buff_bleeding,造成 {人物属性}*{a}%+{b}的伤害,54,6,13,3,0,0,0,mid,0,2,0
55,2,流血[人族/割裂 10D/S],buff_liuxue,每{a}秒，造成{B}伤害，持续{C}秒,1,1,0,1,10,5,buff_liuxue,mid,buff_liuxue_ground,2,11
56,2,流血[人族/割裂 20D/S],buff_liuxue,每{a}秒，造成{B}伤害，持续{C}秒,2,1,0,1,20,5,buff_liuxue,mid,buff_liuxue_ground,2,11
57,2,流血[人族/割裂 40D/S],buff_liuxue,每{a}秒，造成{B}伤害，持续{C}秒,3,1,0,1,40,5,buff_liuxue,mid,buff_liuxue_ground,2,11
58,2,灼烧[精灵/火球术 10D/S],buff_bleeding,每{a}秒，造成{B}伤害，持续{C}秒,4,1,0,1,10,5,buff_zhuoshao,mid,buff_zhuoshao_ground,2,11
59,2,灼烧[精灵/火球术 20D/S],buff_bleeding,每{a}秒，造成{B}伤害，持续{C}秒,5,1,0,1,20,5,buff_zhuoshao,mid,buff_zhuoshao_ground,2,11
60,2,灼烧[精灵/火球术 40D/S],buff_bleeding,每{a}秒，造成{B}伤害，持续{C}秒,6,1,0,1,40,5,buff_zhuoshao,mid,buff_zhuoshao_ground,2,11
61,2,流血,buff_bleeding,每{a}秒，造成{b}伤害，持续{c}秒,7,1,0,1.5,150,7.5,buff_liuxue,mid,buff_liuxue_ground,2,11
62,2,流血,buff_bleeding,每{a}秒，造成{b}伤害，持续{c}秒,8,1,0,1.5,160,7.5,buff_liuxue,mid,buff_liuxue_ground,2,11
63,2,流血,buff_bleeding,每{a}秒，造成{b}伤害，持续{c}秒,9,1,0,1.5,170,7.5,buff_liuxue,mid,buff_liuxue_ground,2,11
64,2,流血,buff_bleeding,每{a}秒，造成{b}伤害，持续{c}秒,10,1,0,1.5,180,7.5,buff_liuxue,mid,buff_liuxue_ground,2,11
65,2,流血,buff_bleeding,每{a}秒，造成{b}伤害，持续{c}秒,11,1,0,1.5,190,7.5,buff_liuxue,mid,buff_liuxue_ground,2,11
66,2,流血,buff_bleeding,每{a}秒，造成{b}伤害，持续{c}秒,12,1,0,1.5,200,7.5,buff_liuxue,mid,buff_liuxue_ground,2,11
67,2,流血,buff_bleeding,每{a}秒，造成{b}伤害，持续{c}秒,13,1,0,1.5,210,7.5,buff_liuxue,mid,buff_liuxue_ground,2,11
68,2,流血,buff_bleeding,每{a}秒，造成{b}伤害，持续{c}秒,14,1,0,1.5,220,7.5,buff_liuxue,mid,buff_liuxue_ground,2,11
69,2,流血,buff_bleeding,每{a}秒，造成{b}伤害，持续{c}秒,15,1,0,1.5,230,7.5,buff_liuxue,mid,buff_liuxue_ground,2,11
70,2,流血,buff_bleeding,每{a}秒，造成{b}伤害，持续{c}秒,16,1,0,1.5,240,7.5,buff_liuxue,mid,buff_liuxue_ground,2,11
71,2,流血,buff_bleeding,每{a}秒，造成{b}伤害，持续{c}秒,17,1,0,1.5,250,7.5,buff_liuxue,mid,buff_liuxue_ground,2,11
72,2,流血,buff_bleeding,每{a}秒，造成{b}伤害，持续{c}秒,18,1,0,1,100,5,buff_liuxue,mid,buff_liuxue_ground,2,11
73,2,流血,buff_bleeding,每{a}秒，造成{b}伤害，持续{c}秒,19,1,0,1,200,5,buff_liuxue,mid,buff_liuxue_ground,2,11
74,2,流血,buff_bleeding,每{a}秒，造成{b}伤害，持续{c}秒,20,1,0,1,500,5,buff_liuxue,mid,buff_liuxue_ground,2,11
75,2,流血,buff_bleeding,每{a}秒，造成{b}伤害，持续{c}秒,21,1,0,1,1000,5,buff_liuxue,mid,buff_liuxue_ground,2,11
76,2,流血,buff_bleeding,每{a}秒，造成{b}伤害，持续{c}秒,22,1,0,1,2000,5,buff_liuxue,mid,buff_liuxue_ground,2,11
77,2,马甲（加血特效-无效果）,buff_bleeding,每{a}秒，造成{b}伤害，持续{c}秒,23,1,0,0.5,0,1,hero_jiaxue,mid,0,1,0
78,2,马甲（大爆炸）,buff_bleeding,每{a}秒，造成{b}伤害，持续{c}秒,24,1,0,0.5,0,1,hero_fight2_baozha,mid,0,2,0
79,3,吸血,buff_bleeding,恢复造成伤害{a}%的生命,1,1,0,3,0,0,hero_jiaxue,mid,0,1,0
80,3,吸血,buff_bleeding,恢复造成伤害{a}%的生命,2,1,0,6,0,0,hero_jiaxue,mid,0,1,0
81,3,吸血,buff_bleeding,恢复造成伤害{a}%的生命,3,1,0,10,0,0,hero_jiaxue,mid,0,1,0
82,3,吸血,buff_bleeding,恢复造成伤害{a}%的生命,4,1,0,13,0,0,hero_jiaxue,mid,0,1,0
83,3,吸血,buff_bleeding,恢复造成伤害{a}%的生命,5,1,0,16,0,0,hero_jiaxue,mid,0,1,0
84,3,吸血,buff_bleeding,恢复造成伤害{a}%的生命,6,1,0,20,0,0,hero_jiaxue,mid,0,1,0
85,3,吸血,buff_bleeding,恢复造成伤害{a}%的生命,7,1,0,23,0,0,hero_jiaxue,mid,0,1,0
86,3,吸血,buff_bleeding,恢复造成伤害{a}%的生命,8,1,0,26,0,0,hero_jiaxue,mid,0,1,0
87,3,吸血,buff_bleeding,恢复造成伤害{a}%的生命,9,1,0,30,0,0,hero_jiaxue,mid,0,1,0
88,3,吸血,buff_bleeding,恢复造成伤害{a}%的生命,10,1,0,33,0,0,hero_jiaxue,mid,0,1,0
89,3,吸血,buff_bleeding,恢复造成伤害{a}%的生命,11,1,0,36,0,0,hero_jiaxue,mid,0,1,0
90,3,吸血,buff_bleeding,恢复造成伤害{a}%的生命,12,1,0,40,0,0,hero_jiaxue,mid,0,1,0
91,3,吸血,buff_bleeding,恢复造成伤害{a}%的生命,13,1,0,43,0,0,hero_jiaxue,mid,0,1,0
92,3,吸血,buff_bleeding,恢复造成伤害{a}%的生命,14,1,0,46,0,0,hero_jiaxue,mid,0,1,0
93,3,吸血,buff_bleeding,恢复造成伤害{a}%的生命,15,1,0,50,0,0,hero_jiaxue,mid,0,1,0
94,3,吸血,buff_bleeding,恢复造成伤害{a}%的生命,16,1,0,53,0,0,hero_jiaxue,mid,0,1,0
95,3,吸血,buff_bleeding,恢复造成伤害{a}%的生命,17,1,0,56,0,0,hero_jiaxue,mid,0,1,0
96,3,吸血,buff_bleeding,恢复造成伤害{a}%的生命,18,1,0,60,0,0,hero_jiaxue,mid,0,1,0
97,3,吸血,buff_bleeding,恢复造成伤害{a}%的生命,19,1,0,63,0,0,hero_jiaxue,mid,0,1,0
98,3,吸血,buff_bleeding,恢复造成伤害{a}%的生命,20,1,0,66,0,0,hero_jiaxue,mid,0,1,0
99,3,吸血,buff_bleeding,恢复造成伤害{a}%的生命,21,1,0,70,0,0,hero_jiaxue,mid,0,1,0
100,3,吸血,buff_bleeding,恢复造成伤害{a}%的生命,22,1,0,73,0,0,hero_jiaxue,mid,0,1,0
101,3,吸血,buff_bleeding,恢复造成伤害{a}%的生命,23,1,0,76,0,0,hero_jiaxue,mid,0,1,0
102,3,吸血,buff_bleeding,恢复造成伤害{a}%的生命,24,1,0,80,0,0,hero_jiaxue,mid,0,1,0
103,3,吸血,buff_bleeding,恢复造成伤害{a}%的生命,25,1,0,83,0,0,hero_jiaxue,mid,0,1,0
104,3,吸血,buff_bleeding,恢复造成伤害{a}%的生命,26,1,0,86,0,0,hero_jiaxue,mid,0,1,0
105,3,吸血,buff_bleeding,恢复造成伤害{a}%的生命,27,1,0,90,0,0,hero_jiaxue,mid,0,1,0
106,3,吸血,buff_bleeding,恢复造成伤害{a}%的生命,28,1,0,93,0,0,hero_jiaxue,mid,0,1,0
107,3,吸血,buff_bleeding,恢复造成伤害{a}%的生命,29,1,0,96,0,0,hero_jiaxue,mid,0,1,0
108,3,吸血,buff_bleeding,恢复造成伤害{a}%的生命,30,1,0,1,0,0,hero_jiaxue,mid,0,1,0
109,4,消魔,buff_bleeding,恢复造成伤害{a}%的能量,1,2,0,3,0,0,0,mid,0,1,0
110,4,消魔,buff_bleeding,恢复造成伤害{a}%的能量,2,2,0,6,0,0,0,mid,0,2,0
111,4,消魔,buff_bleeding,恢复造成伤害{a}%的能量,3,2,0,10,0,0,0,mid,0,2,0
112,4,消魔,buff_bleeding,恢复造成伤害{a}%的能量,4,2,0,13,0,0,0,mid,0,2,0
113,4,消魔,buff_bleeding,恢复造成伤害{a}%的能量,5,2,0,16,0,0,0,mid,0,2,0
114,4,消魔,buff_bleeding,恢复造成伤害{a}%的能量,6,2,0,20,0,0,0,mid,0,2,0
115,4,消魔,buff_bleeding,恢复造成伤害{a}%的能量,7,2,0,23,0,0,0,mid,0,2,0
116,4,消魔,buff_bleeding,恢复造成伤害{a}%的能量,8,2,0,26,0,0,0,mid,0,2,0
117,4,消魔,buff_bleeding,恢复造成伤害{a}%的能量,9,2,0,30,0,0,0,mid,0,2,0
118,4,消魔,buff_bleeding,恢复造成伤害{a}%的能量,10,2,0,33,0,0,0,mid,0,2,0
119,4,消魔,buff_bleeding,恢复造成伤害{a}%的能量,11,2,0,36,0,0,0,mid,0,2,0
120,4,消魔,buff_bleeding,恢复造成伤害{a}%的能量,12,2,0,40,0,0,0,mid,0,2,0
121,4,消魔,buff_bleeding,恢复造成伤害{a}%的能量,13,2,0,43,0,0,0,mid,0,2,0
122,4,消魔,buff_bleeding,恢复造成伤害{a}%的能量,14,2,0,46,0,0,0,mid,0,2,0
123,4,消魔,buff_bleeding,恢复造成伤害{a}%的能量,15,2,0,50,0,0,0,mid,0,2,0
124,4,消魔,buff_bleeding,恢复造成伤害{a}%的能量,16,2,0,53,0,0,0,mid,0,2,0
125,4,消魔,buff_bleeding,恢复造成伤害{a}%的能量,17,2,0,56,0,0,0,mid,0,2,0
126,4,消魔,buff_bleeding,恢复造成伤害{a}%的能量,18,2,0,60,0,0,0,mid,0,2,0
127,4,消魔,buff_bleeding,恢复造成伤害{a}%的能量,19,2,0,63,0,0,0,mid,0,2,0
128,4,消魔,buff_bleeding,恢复造成伤害{a}%的能量,20,2,0,66,0,0,0,mid,0,2,0
129,4,消魔,buff_bleeding,恢复造成伤害{a}%的能量,21,2,0,70,0,0,0,mid,0,2,0
130,4,消魔,buff_bleeding,恢复造成伤害{a}%的能量,22,2,0,73,0,0,0,mid,0,2,0
131,4,消魔,buff_bleeding,恢复造成伤害{a}%的能量,23,2,0,76,0,0,0,mid,0,2,0
132,4,消魔,buff_bleeding,恢复造成伤害{a}%的能量,24,2,0,80,0,0,0,mid,0,2,0
133,4,消魔,buff_bleeding,恢复造成伤害{a}%的能量,25,2,0,83,0,0,0,mid,0,2,0
134,4,消魔,buff_bleeding,恢复造成伤害{a}%的能量,26,2,0,86,0,0,0,mid,0,2,0
135,4,消魔,buff_bleeding,恢复造成伤害{a}%的能量,27,2,0,90,0,0,0,mid,0,2,0
136,4,消魔,buff_bleeding,恢复造成伤害{a}%的能量,28,2,0,93,0,0,0,mid,0,2,0
137,4,消魔,buff_bleeding,恢复造成伤害{a}%的能量,29,2,0,96,0,0,0,mid,0,2,0
138,4,消魔,buff_bleeding,恢复造成伤害{a}%的能量,30,2,0,1,0,0,0,mid,0,2,0
139,5,恢复生命值[人族/光属性攻击],buff_bleeding,恢复 {人物属性}*{a}%+{b}的伤害,1,5,12,3,10,0,0,mid,0,1,0
140,5,恢复生命值[人族/光属性攻击],buff_bleeding,恢复 {人物属性}*{a}%+{b}的伤害,2,5,12,3.5,20,0,0,mid,0,1,0
141,5,恢复生命值[人族/光属性攻击],buff_bleeding,恢复 {人物属性}*{a}%+{b}的伤害,3,5,12,4,30,0,0,mid,0,1,0
142,5,预留,buff_bleeding,恢复 {人物属性}*{a}%+{b}的伤害,4,2,0,0,0,0,0,mid,0,1,0
143,5,预留,buff_bleeding,恢复 {人物属性}*{a}%+{b}的伤害,5,2,0,0,0,0,0,mid,0,1,0
144,5,预留,buff_bleeding,恢复 {人物属性}*{a}%+{b}的伤害,6,2,0,0,0,0,0,mid,0,1,0
145,5,预留,buff_bleeding,恢复 {人物属性}*{a}%+{b}的伤害,7,2,0,0,0,0,0,mid,0,1,0
146,5,预留,buff_bleeding,恢复 {人物属性}*{a}%+{b}的伤害,8,2,0,0,0,0,0,mid,0,1,0
147,5,预留,buff_bleeding,恢复 {人物属性}*{a}%+{b}的伤害,9,2,0,0,0,0,0,mid,0,1,0
148,5,预留,buff_bleeding,恢复 {人物属性}*{a}%+{b}的伤害,10,2,0,0,0,0,0,mid,0,1,0
149,5,预留,buff_bleeding,恢复 {人物属性}*{a}%+{b}的伤害,11,2,0,0,0,0,0,mid,0,1,0
150,5,预留,buff_bleeding,恢复 {人物属性}*{a}%+{b}的伤害,12,2,0,0,0,0,0,mid,0,1,0
151,5,预留,buff_bleeding,恢复 {人物属性}*{a}%+{b}的伤害,13,2,0,0,0,0,0,mid,0,1,0
152,5,预留,buff_bleeding,恢复 {人物属性}*{a}%+{b}的伤害,14,2,0,0,0,0,0,mid,0,1,0
153,5,预留,buff_bleeding,恢复 {人物属性}*{a}%+{b}的伤害,15,2,0,0,0,0,0,mid,0,1,0
154,5,预留,buff_bleeding,恢复 {人物属性}*{a}%+{b}的伤害,16,2,0,0,0,0,0,mid,0,1,0
155,5,预留,buff_bleeding,恢复 {人物属性}*{a}%+{b}的伤害,17,2,0,0,0,0,0,mid,0,1,0
156,5,预留,buff_bleeding,恢复 {人物属性}*{a}%+{b}的伤害,18,2,0,0,0,0,0,mid,0,1,0
157,5,预留,buff_bleeding,恢复 {人物属性}*{a}%+{b}的伤害,19,2,0,0,0,0,0,mid,0,1,0
158,5,预留,buff_bleeding,恢复 {人物属性}*{a}%+{b}的伤害,20,2,0,0,0,0,0,mid,0,1,0
159,5,预留,buff_bleeding,恢复 {人物属性}*{a}%+{b}的伤害,21,2,0,0,0,0,0,mid,0,1,0
160,5,预留,buff_bleeding,恢复 {人物属性}*{a}%+{b}的伤害,22,2,0,0,0,0,0,mid,0,1,0
161,5,预留,buff_bleeding,恢复 {人物属性}*{a}%+{b}的伤害,23,2,0,0,0,0,0,mid,0,1,0
162,5,预留,buff_bleeding,恢复 {人物属性}*{a}%+{b}的伤害,24,2,0,0,0,0,0,mid,0,1,0
163,5,预留,buff_bleeding,恢复 {人物属性}*{a}%+{b}的伤害,25,2,0,0,0,0,0,mid,0,1,0
164,5,预留,buff_bleeding,恢复 {人物属性}*{a}%+{b}的伤害,26,2,0,0,0,0,0,mid,0,1,0
165,5,预留,buff_bleeding,恢复 {人物属性}*{a}%+{b}的伤害,27,2,0,0,0,0,0,mid,0,1,0
166,5,预留,buff_bleeding,恢复 {人物属性}*{a}%+{b}的伤害,28,2,0,0,0,0,0,mid,0,1,0
167,5,预留,buff_bleeding,恢复 {人物属性}*{a}%+{b}的伤害,29,2,0,0,0,0,0,mid,0,1,0
168,5,预留,buff_bleeding,恢复 {人物属性}*{a}%+{b}的伤害,30,2,0,0,0,0,0,mid,0,1,0
169,6,恢复能量值[人类/物攻最大值],buff_bleeding,恢复 {人物属性}*{a}%+{b}的能量,1,5,12,3,10,0,0,mid,0,1,0
170,6,恢复能量值[人类/物攻最大值],buff_bleeding,恢复 {人物属性}*{a}%+{b}的能量,2,5,12,3.5,20,0,0,mid,0,1,0
171,6,恢复能量值[人类/物攻最大值],buff_bleeding,恢复 {人物属性}*{a}%+{b}的能量,3,5,12,4,30,0,0,mid,0,1,0
172,6,恢复能量值,buff_bleeding,恢复 {人物属性}*{a}%+{b}的能量,4,2,0,0,0,0,0,mid,0,1,0
173,6,恢复能量值,buff_bleeding,恢复 {人物属性}*{a}%+{b}的能量,5,2,0,0,0,0,0,mid,0,1,0
174,6,恢复能量值,buff_bleeding,恢复 {人物属性}*{a}%+{b}的能量,6,2,0,0,0,0,0,mid,0,1,0
175,6,恢复能量值,buff_bleeding,恢复 {人物属性}*{a}%+{b}的能量,7,2,0,0,0,0,0,mid,0,1,0
176,6,恢复能量值,buff_bleeding,恢复 {人物属性}*{a}%+{b}的能量,8,2,0,0,0,0,0,mid,0,1,0
177,6,恢复能量值,buff_bleeding,恢复 {人物属性}*{a}%+{b}的能量,9,2,0,0,0,0,0,mid,0,1,0
178,6,恢复能量值,buff_bleeding,恢复 {人物属性}*{a}%+{b}的能量,10,2,0,0,0,0,0,mid,0,1,0
179,6,恢复能量值,buff_bleeding,恢复 {人物属性}*{a}%+{b}的能量,11,2,0,0,0,0,0,mid,0,1,0
180,6,恢复能量值,buff_bleeding,恢复 {人物属性}*{a}%+{b}的能量,12,2,0,0,0,0,0,mid,0,1,0
181,6,恢复能量值,buff_bleeding,恢复 {人物属性}*{a}%+{b}的能量,13,2,0,0,0,0,0,mid,0,1,0
182,6,恢复能量值,buff_bleeding,恢复 {人物属性}*{a}%+{b}的能量,14,2,0,0,0,0,0,mid,0,1,0
183,6,恢复能量值,buff_bleeding,恢复 {人物属性}*{a}%+{b}的能量,15,2,0,0,0,0,0,mid,0,1,0
184,6,恢复能量值,buff_bleeding,恢复 {人物属性}*{a}%+{b}的能量,16,2,0,0,0,0,0,mid,0,1,0
185,6,恢复能量值,buff_bleeding,恢复 {人物属性}*{a}%+{b}的能量,17,2,0,0,0,0,0,mid,0,1,0
186,6,恢复能量值,buff_bleeding,恢复 {人物属性}*{a}%+{b}的能量,18,2,0,0,0,0,0,mid,0,1,0
187,6,恢复能量值,buff_bleeding,恢复 {人物属性}*{a}%+{b}的能量,19,2,0,0,0,0,0,mid,0,1,0
188,6,恢复能量值,buff_bleeding,恢复 {人物属性}*{a}%+{b}的能量,20,2,0,0,0,0,0,mid,0,1,0
189,6,恢复能量值,buff_bleeding,恢复 {人物属性}*{a}%+{b}的能量,21,2,0,0,0,0,0,mid,0,1,0
190,6,恢复能量值,buff_bleeding,恢复 {人物属性}*{a}%+{b}的能量,22,2,0,0,0,0,0,mid,0,1,0
191,6,恢复能量值,buff_bleeding,恢复 {人物属性}*{a}%+{b}的能量,23,2,0,0,0,0,0,mid,0,1,0
192,6,恢复能量值,buff_bleeding,恢复 {人物属性}*{a}%+{b}的能量,24,2,0,0,0,0,0,mid,0,1,0
193,6,恢复能量值,buff_bleeding,恢复 {人物属性}*{a}%+{b}的能量,25,2,0,0,0,0,0,mid,0,1,0
194,6,恢复能量值,buff_bleeding,恢复 {人物属性}*{a}%+{b}的能量,26,2,0,0,0,0,0,mid,0,1,0
195,6,恢复能量值,buff_bleeding,恢复 {人物属性}*{a}%+{b}的能量,27,2,0,0,0,0,0,mid,0,1,0
196,6,恢复能量值,buff_bleeding,恢复 {人物属性}*{a}%+{b}的能量,28,2,0,0,0,0,0,mid,0,1,0
197,6,恢复能量值,buff_bleeding,恢复 {人物属性}*{a}%+{b}的能量,29,2,0,0,0,0,0,mid,0,1,0
198,6,恢复能量值,buff_bleeding,恢复 {人物属性}*{a}%+{b}的能量,30,2,0,0,0,0,0,mid,0,1,0
199,7,防御强化,buff_bleeding, {人物属性}提高{a}，持续{b}秒,1,1,5,60,10,0,0,mid,0,1,0
200,7,防御强化,buff_bleeding, {人物属性}提高{a}，持续{b}秒,2,1,5,80,10,0,0,mid,0,1,0
201,7,防御强化,buff_bleeding, {人物属性}提高{a}，持续{b}秒,3,1,5,100,10,0,0,mid,0,1,0
202,7,英勇冲锋,buff_yingxiongchongfeng, {人物属性}提高{a}，持续{b}秒,4,1,1,140,10,0,buff_yingyongchongfeng,down,0,1,0
203,7,英勇冲锋,buff_yingxiongchongfeng, {人物属性}提高{a}，持续{b}秒,5,1,1,220,10,0,buff_yingyongchongfeng,down,0,1,0
204,7,英勇冲锋,buff_yingxiongchongfeng, {人物属性}提高{a}，持续{b}秒,6,1,1,300,10,0,buff_yingyongchongfeng,down,0,1,0
205,7,骷髅王战甲,buff_jiangong, {人物属性}提高{a}，持续{b}秒,7,1,5,75,10,0,0,mid,0,1,0
206,7,潜能爆发,buff_qiannengbaofa, {人物属性}提高{a}，持续{b}秒,8,1,7,0.21,10,0,buff_paoxiao,up,buff_ruodian_ground,1,0
207,7,潜能爆发,buff_qiannengbaofa, {人物属性}提高{a}，持续{b}秒,9,1,7,0.32,10,0,buff_paoxiao,up,buff_ruodian_ground,1,0
208,7,潜能爆发,buff_qiannengbaofa, {人物属性}提高{a}，持续{b}秒,10,1,7,0.42,10,0,buff_paoxiao,up,buff_ruodian_ground,1,0
209,7,霸王卸甲,buff_pojia, {人物属性}提高{a}，持续{b}秒,11,1,1,300,10,0,buff_xiejia_up,up,0,1,0
210,7,霸王卸甲,buff_pojia, {人物属性}提高{a}，持续{b}秒,12,1,1,400,10,0,buff_xiejia_up,up,0,1,0
211,7,霸王卸甲,buff_pojia, {人物属性}提高{a}，持续{b}秒,13,1,1,500,10,0,buff_xiejia_up,up,0,1,0
212,7,弱点击破,buff_ruodian, {人物属性}提高{a}，持续{b}秒,14,4,11,50,10,0,buff_ruodian_up,up,0,2,0
213,7,弱点击破,buff_ruodian, {人物属性}提高{a}，持续{b}秒,15,4,11,100,10,0,buff_ruodian_up,up,0,2,0
214,7,弱点击破,buff_ruodian, {人物属性}提高{a}，持续{b}秒,16,4,11,150,10,0,buff_ruodian_up,up,0,2,0
215,7,银剑,buff_yinjian, {人物属性}提高{a}，持续{b}秒,17,5,12,70,10,0,hero_yinjian_background,mid,0,1,0
216,7,银剑,buff_yinjian, {人物属性}提高{a}，持续{b}秒,18,5,12,140,10,0,hero_yinjian_background,mid,0,1,0
217,7,银剑,buff_yinjian, {人物属性}提高{a}，持续{b}秒,19,5,12,210,10,0,hero_yinjian_background,mid,0,1,0
218,7,银光护盾,buff_bleeding, {人物属性}提高{a}，持续{b}秒,20,1,5,30,10,0,0,mid,0,1,0
219,7,银光护盾,buff_bleeding, {人物属性}提高{a}，持续{b}秒,21,1,5,60,10,0,0,mid,0,1,0
220,7,银光护盾,buff_bleeding, {人物属性}提高{a}，持续{b}秒,22,1,5,90,10,0,0,mid,0,1,0
221,7,复仇,buff_bleeding, {人物属性}提高{a}，持续{b}秒,23,1,7,0.3,10,0,0,mid,0,1,0
222,7,复仇,buff_bleeding, {人物属性}提高{a}，持续{b}秒,24,1,7,0.4,10,0,0,mid,0,1,0
223,7,复仇,buff_bleeding, {人物属性}提高{a}，持续{b}秒,25,1,7,0.5,10,0,0,mid,0,1,0
224,7,复仇,buff_bleeding, {人物属性}提高{a}，持续{b}秒,26,1,7,0.5,10,0,0,mid,0,1,0
225,7,复仇,buff_bleeding, {人物属性}提高{a}，持续{b}秒,27,1,7,0.75,10,0,0,mid,0,1,0
226,7,复仇,buff_bleeding, {人物属性}提高{a}，持续{b}秒,28,1,7,1,10,0,0,mid,0,1,0
227,7,力量窃取,buff_bleeding, {人物属性}提高{a}，持续{b}秒,29,1,1,65,10,0,0,mid,0,1,0
228,7,力量窃取,buff_bleeding, {人物属性}提高{a}，持续{b}秒,30,1,1,130,10,0,0,mid,0,1,0
229,7,力量窃取,buff_bleeding, {人物属性}提高{a}，持续{b}秒,31,1,1,195,10,0,0,mid,0,1,0
230,7,暴击强化,buff_bleeding, {人物属性}提高{a}，持续{b}秒,32,1,7,1,3,0,buff_yingyongchongfeng,down,0,1,0
231,8,哈卡之魂,buff_bleeding, {人物属性}减少{a}，持续{b}秒,1,2,12,30,12,0,buff_jinglingzhihuo,mid,buff_jinglingzhihuo_ground,2,0
232,8,哈卡之魂,buff_bleeding, {人物属性}减少{a}，持续{b}秒,2,2,12,50,12,0,buff_jinglingzhihuo,mid,buff_jinglingzhihuo_ground,2,0
233,8,哈卡之魂,buff_bleeding, {人物属性}减少{a}，持续{b}秒,3,2,12,70,12,0,buff_jinglingzhihuo,mid,buff_jinglingzhihuo_ground,2,0
234,8,虚弱,buff_xuruo, {人物属性}减少{a}，持续{b}秒,4,6,2,30,12,0,buff_zhimang,mid,buff_zhimang_ground,2,7
235,8,虚弱,buff_xuruo, {人物属性}减少{a}，持续{b}秒,5,6,2,100,12,0,buff_zhimang,mid,buff_zhimang_ground,2,7
236,8,虚弱,buff_xuruo, {人物属性}减少{a}，持续{b}秒,6,2,23,10,12,0,buff_zhimang,mid,buff_zhimang_ground,2,3
237,8,冰冻,buff_bingdong, {人物属性}减少{a}，持续{b}秒,7,2,23,15,12,0,buff_bing,mid,buff_bing_ground,2,3
238,8,霸王卸甲,buff_jinglingzhihuo, {人物属性}减少{a}，持续{b}秒,8,1,5,80,12,0,buff_jinglingzhihuo,down,buff_jinglingzhihuo_ground,1,15
239,8,霸王卸甲,buff_jinglingzhihuo, {人物属性}减少{a}，持续{b}秒,9,1,5,60,12,0,buff_jinglingzhihuo,mid,buff_jinglingzhihuo_ground,1,15
240,8,霸王卸甲,buff_jinglingzhihuo, {人物属性}减少{a}，持续{b}秒,10,1,5,40,12,0,buff_jinglingzhihuo,mid,buff_jinglingzhihuo_ground,1,15
241,8,残废,buff_canfei, {人物属性}减少{a}，持续{b}秒,11,1,23,10,5,0,hero3_zhican_new,mid,hero3_zhican_ground_new,2,0
242,8,残废,buff_canfei, {人物属性}减少{a}，持续{b}秒,12,1,23,20,5,0,hero3_zhican_new,mid,hero3_zhican_ground_new,1,0
243,8,残废,buff_canfei, {人物属性}减少{a}，持续{b}秒,13,1,23,30,5,0,hero3_zhican_new,mid,hero3_zhican_ground_new,1,0
244,8,削弱,buff_bleeding, {人物属性}减少{a}，持续{b}秒,14,1,2,0,3,0,hero3_zhican_new,mid,hero3_zhican_ground_new,1,0
245,8,削弱,buff_bleeding, {人物属性}减少{a}，持续{b}秒,15,1,2,0,5,0,hero3_zhican_new,mid,hero3_zhican_ground_new,1,0
246,8,削弱,buff_bleeding, {人物属性}减少{a}，持续{b}秒,16,1,2,0,7,0,hero3_zhican_new,mid,hero3_zhican_ground_new,1,0
247,8,破甲,buff_jinglingzhihuo, {人物属性}减少{a}，持续{b}秒,17,1,6,10,15,0,buff_wuran,down,0,2,0
248,8,破甲,buff_jinglingzhihuo, {人物属性}减少{a}，持续{b}秒,18,1,6,30,15,0,buff_wuran,down,0,2,0
249,8,破甲,buff_jinglingzhihuo, {人物属性}减少{a}，持续{b}秒,19,1,6,60,15,0,buff_wuran,down,0,2,0
250,8,黑暗侵蚀,buff_wuran, {人物属性}减少{a}，持续{b}秒,20,1,18,10,10,0,buff_wuran,down,0,2,0
251,8,黑暗侵蚀,buff_wuran, {人物属性}减少{a}，持续{b}秒,21,1,18,25,10,0,buff_wuran,down,0,2,0
252,8,黑暗侵蚀,buff_wuran, {人物属性}减少{a}，持续{b}秒,22,1,18,50,10,0,buff_wuran,down,0,2,0
253,8,冰冻,buff_bleeding, {人物属性}减少{a}，持续{b}秒,23,1,23,25,10,0,buff_wuran,down,0,2,0
254,8,冰冻,buff_bleeding, {人物属性}减少{a}，持续{b}秒,24,1,23,50,10,0,buff_wuran,down,0,2,0
255,8,污染,buff_bleeding, {人物属性}减少{a}，持续{b}秒,25,1,0,0,0,0,buff_wuran,down,0,2,0
256,8,污染,buff_bleeding, {人物属性}减少{a}，持续{b}秒,26,1,0,0,0,0,buff_wuran,down,0,2,0
257,8,污染,buff_bleeding, {人物属性}减少{a}，持续{b}秒,27,1,0,0,0,0,buff_wuran,down,0,2,0
258,8,污染,buff_bleeding, {人物属性}减少{a}，持续{b}秒,28,1,0,0,0,0,buff_wuran,down,0,2,0
259,8,污染,buff_bleeding, {人物属性}减少{a}，持续{b}秒,29,1,0,0,0,0,buff_wuran,down,0,2,0
260,8,污染,buff_bleeding, {人物属性}减少{a}，持续{b}秒,30,1,0,0,0,0,buff_wuran,down,0,2,0
261,9,无法行动1秒,buff_bleeding,无法行动{a}秒,1,1,0,1,0,0,buff_xuanyun,up,buff_zhimang_ground,2,21
262,9,无法行动2秒,buff_bleeding,无法行动{a}秒,2,1,0,2,0,0,buff_xuanyun,up,buff_zhimang_ground,2,21
263,9,无法行动3秒,buff_bleeding,无法行动{a}秒,3,1,0,3,0,0,buff_xuanyun,up,buff_zhimang_ground,2,21
264,9,无法行动4秒,buff_bleeding,无法行动{a}秒,4,1,0,4,0,0,buff_xuanyun,up,buff_zhimang_ground,2,21
265,9,无法行动5秒,buff_bleeding,无法行动{a}秒,5,1,0,5,0,0,buff_xuanyun,up,buff_zhimang_ground,2,21
266,9,无法行动6秒,buff_bleeding,无法行动{a}秒,6,1,0,6,0,0,buff_xuanyun,up,buff_zhimang_ground,2,21
267,9,无法行动7秒,buff_bleeding,无法行动{a}秒,7,1,0,7,0,0,buff_xuanyun,up,buff_zhimang_ground,2,21
268,9,无法行动8秒,buff_bleeding,无法行动{a}秒,8,1,0,8,0,0,buff_xuanyun,up,buff_zhimang_ground,2,21
269,9,无法行动9秒,buff_bleeding,无法行动{a}秒,9,1,0,9,0,0,buff_xuanyun,up,buff_zhimang_ground,2,21
270,9,无法行动10秒,buff_bleeding,无法行动{a}秒,10,1,0,10,0,0,buff_xuanyun,up,buff_zhimang_ground,2,21
271,9,无法行动11秒,buff_bleeding,无法行动{a}秒,11,1,0,11,0,0,buff_xuanyun,up,buff_zhimang_ground,2,21
272,9,无法行动12秒,buff_bleeding,无法行动{a}秒,12,1,0,12,0,0,buff_xuanyun,up,buff_zhimang_ground,2,21
273,9,无法行动13秒,buff_bleeding,无法行动{a}秒,13,1,0,13,0,0,buff_xuanyun,up,buff_zhimang_ground,2,21
274,9,无法行动14秒,buff_bleeding,无法行动{a}秒,14,1,0,14,0,0,buff_xuanyun,up,buff_zhimang_ground,2,21
275,9,无法行动15秒,buff_bleeding,无法行动{a}秒,15,1,0,15,0,0,buff_xuanyun,up,buff_zhimang_ground,2,21
276,9,无法行动16秒,buff_bleeding,无法行动{a}秒,16,1,0,16,0,0,buff_xuanyun,up,buff_zhimang_ground,2,21
277,9,无法行动17秒,buff_bleeding,无法行动{a}秒,17,1,0,17,0,0,buff_xuanyun,up,buff_zhimang_ground,2,21
278,9,无法行动18秒,buff_bleeding,无法行动{a}秒,18,1,0,18,0,0,buff_xuanyun,up,buff_zhimang_ground,2,21
279,9,无法行动19秒,buff_bleeding,无法行动{a}秒,19,1,0,19,0,0,buff_xuanyun,up,buff_zhimang_ground,2,21
280,9,无法行动20秒,buff_bleeding,无法行动{a}秒,20,1,0,20,0,0,buff_xuanyun,up,buff_zhimang_ground,2,21
281,9,无法行动21秒,buff_bleeding,无法行动{a}秒,21,1,0,21,0,0,buff_xuanyun,up,buff_zhimang_ground,2,21
282,9,无法行动22秒,buff_bleeding,无法行动{a}秒,22,1,0,22,0,0,buff_xuanyun,up,buff_zhimang_ground,2,21
283,9,无法行动23秒,buff_bleeding,无法行动{a}秒,23,1,0,23,0,0,buff_xuanyun,up,buff_zhimang_ground,2,21
284,9,无法行动24秒,buff_bleeding,无法行动{a}秒,24,1,0,24,0,0,buff_xuanyun,up,buff_zhimang_ground,2,21
285,9,无法行动25秒,buff_bleeding,无法行动{a}秒,25,1,0,25,0,0,buff_xuanyun,up,buff_zhimang_ground,2,21
286,9,无法行动26秒,buff_bleeding,无法行动{a}秒,26,1,0,26,0,0,buff_xuanyun,up,buff_zhimang_ground,2,21
287,9,无法行动27秒,buff_bleeding,无法行动{a}秒,27,1,0,27,0,0,buff_xuanyun,up,buff_zhimang_ground,2,21
288,9,无法行动28秒,buff_bleeding,无法行动{a}秒,28,1,0,28,0,0,buff_xuanyun,up,buff_zhimang_ground,2,21
289,9,无法行动29秒,buff_bleeding,无法行动{a}秒,29,1,0,29,0,0,buff_xuanyun,up,buff_zhimang_ground,2,21
290,9,无法行动30秒,buff_bleeding,无法行动{a}秒,30,1,0,30,0,0,buff_xuanyun,up,buff_zhimang_ground,2,21
291,10,攻击附加自身攻击,buff_bleeding,{a}%提高自身伤害的{b}%（精英、领主效果减半）,1,1,0,0.1,30,0,0,mid,0,1,0
292,10,攻击附加自身攻击,buff_bleeding,{a}%提高自身伤害的{b}%（精英、领主效果减半）,2,1,0,0.1,40,0,0,mid,0,1,0
293,10,攻击附加自身攻击,buff_bleeding,{a}%提高自身伤害的{b}%（精英、领主效果减半）,3,1,0,0.1,50,0,0,mid,0,1,0
294,10,攻击附加自身攻击,buff_bleeding,{a}%提高自身伤害的{b}%（精英、领主效果减半）,4,1,0,0.1,60,0,0,mid,0,1,0
295,10,攻击附加自身攻击,buff_bleeding,{a}%提高自身伤害的{b}%（精英、领主效果减半）,5,1,0,0.1,70,0,0,mid,0,1,0
296,10,攻击附加自身攻击,buff_bleeding,{a}%提高自身伤害的{b}%（精英、领主效果减半）,6,1,0,0.1,80,0,0,mid,0,1,0
297,10,攻击附加自身攻击,buff_bleeding,{a}%提高自身伤害的{b}%（精英、领主效果减半）,7,1,0,0.1,90,0,0,mid,0,1,0
298,10,攻击附加自身攻击,buff_bleeding,{a}%提高自身伤害的{b}%（精英、领主效果减半）,8,1,0,0.1,100,0,0,mid,0,1,0
299,10,攻击附加自身攻击,buff_bleeding,{a}%提高自身伤害的{b}%（精英、领主效果减半）,9,1,0,0.2,30,0,0,mid,0,1,0
300,10,攻击附加自身攻击,buff_bleeding,{a}%提高自身伤害的{b}%（精英、领主效果减半）,10,1,0,0.2,40,0,0,mid,0,1,0
301,10,攻击附加自身攻击,buff_bleeding,{a}%提高自身伤害的{b}%（精英、领主效果减半）,11,1,0,0.2,50,0,0,mid,0,1,0
302,10,攻击附加自身攻击,buff_bleeding,{a}%提高自身伤害的{b}%（精英、领主效果减半）,12,1,0,0.2,60,0,0,mid,0,1,0
303,10,攻击附加自身攻击,buff_bleeding,{a}%提高自身伤害的{b}%（精英、领主效果减半）,13,1,0,0.2,70,0,0,mid,0,1,0
304,10,攻击附加自身攻击,buff_bleeding,{a}%提高自身伤害的{b}%（精英、领主效果减半）,14,1,0,0.2,80,0,0,mid,0,1,0
305,10,攻击附加自身攻击,buff_bleeding,{a}%提高自身伤害的{b}%（精英、领主效果减半）,15,1,0,0.2,90,0,0,mid,0,1,0
306,10,攻击附加自身攻击,buff_bleeding,{a}%提高自身伤害的{b}%（精英、领主效果减半）,16,1,0,0.2,100,0,0,mid,0,1,0
307,10,攻击附加自身攻击,buff_bleeding,{a}%提高自身伤害的{b}%（精英、领主效果减半）,17,1,0,0.3,30,0,0,mid,0,1,0
308,10,攻击附加自身攻击,buff_bleeding,{a}%提高自身伤害的{b}%（精英、领主效果减半）,18,1,0,0.3,40,0,0,mid,0,1,0
309,10,攻击附加自身攻击,buff_bleeding,{a}%提高自身伤害的{b}%（精英、领主效果减半）,19,1,0,0.3,50,0,0,mid,0,1,0
310,10,攻击附加自身攻击,buff_bleeding,{a}%提高自身伤害的{b}%（精英、领主效果减半）,20,1,0,0.3,60,0,0,mid,0,1,0
311,10,攻击附加自身攻击,buff_bleeding,{a}%提高自身伤害的{b}%（精英、领主效果减半）,21,1,0,0.3,70,0,0,mid,0,1,0
312,10,攻击附加自身攻击,buff_bleeding,{a}%提高自身伤害的{b}%（精英、领主效果减半）,22,1,0,0.3,80,0,0,mid,0,1,0
313,10,攻击附加自身攻击,buff_bleeding,{a}%提高自身伤害的{b}%（精英、领主效果减半）,23,1,0,0.3,90,0,0,mid,0,1,0
314,10,攻击附加自身攻击,buff_bleeding,{a}%提高自身伤害的{b}%（精英、领主效果减半）,24,1,0,0.3,100,0,0,mid,0,1,0
315,10,攻击附加自身攻击,buff_bleeding,{a}%提高自身伤害的{b}%（精英、领主效果减半）,25,1,0,0.5,50,0,0,mid,0,1,0
316,10,攻击附加自身攻击,buff_bleeding,{a}%提高自身伤害的{b}%（精英、领主效果减半）,26,1,0,0.5,60,0,0,mid,0,1,0
317,10,攻击附加自身攻击,buff_bleeding,{a}%提高自身伤害的{b}%（精英、领主效果减半）,27,1,0,0.5,70,0,0,mid,0,1,0
318,10,攻击附加自身攻击,buff_bleeding,{a}%提高自身伤害的{b}%（精英、领主效果减半）,28,1,0,0.5,80,0,0,mid,0,1,0
319,10,攻击附加自身攻击,buff_bleeding,{a}%提高自身伤害的{b}%（精英、领主效果减半）,29,1,0,0.5,90,0,0,mid,0,1,0
320,10,攻击附加自身攻击,buff_bleeding,{a}%提高自身伤害的{b}%（精英、领主效果减半）,30,1,0,0.5,100,0,0,mid,0,1,0
321,11,一击必杀,buff_bleeding,{a}%一击杀死一个怪物（对精英BOSS无效）,1,1,0,0.03,0,0,0,mid,0,2,0
322,11,一击必杀,buff_bleeding,{a}%一击杀死一个怪物（对精英BOSS无效）,2,1,0,0.06,0,0,0,mid,0,2,0
323,11,一击必杀,buff_bleeding,{a}%一击杀死一个怪物（对精英BOSS无效）,3,1,0,0.1,0,0,0,mid,0,2,0
324,11,一击必杀,buff_bleeding,{a}%一击杀死一个怪物（对精英BOSS无效）,4,1,0,0.13,0,0,0,mid,0,2,0
325,11,一击必杀,buff_bleeding,{a}%一击杀死一个怪物（对精英BOSS无效）,5,1,0,0.16,0,0,0,mid,0,2,0
326,11,一击必杀,buff_bleeding,{a}%一击杀死一个怪物（对精英BOSS无效）,6,1,0,0.2,0,0,0,mid,0,2,0
327,11,一击必杀,buff_bleeding,{a}%一击杀死一个怪物（对精英BOSS无效）,7,1,0,0.23,0,0,0,mid,0,2,0
328,11,一击必杀,buff_bleeding,{a}%一击杀死一个怪物（对精英BOSS无效）,8,1,0,0.26,0,0,0,mid,0,2,0
329,11,一击必杀,buff_bleeding,{a}%一击杀死一个怪物（对精英BOSS无效）,9,1,0,0.3,0,0,0,mid,0,2,0
330,11,一击必杀,buff_bleeding,{a}%一击杀死一个怪物（对精英BOSS无效）,10,1,0,0.33,0,0,0,mid,0,2,0
331,11,一击必杀,buff_bleeding,{a}%一击杀死一个怪物（对精英BOSS无效）,11,1,0,0.36,0,0,0,mid,0,2,0
332,11,一击必杀,buff_bleeding,{a}%一击杀死一个怪物（对精英BOSS无效）,12,1,0,0.4,0,0,0,mid,0,2,0
333,11,一击必杀,buff_bleeding,{a}%一击杀死一个怪物（对精英BOSS无效）,13,1,0,0.43,0,0,0,mid,0,2,0
334,11,一击必杀,buff_bleeding,{a}%一击杀死一个怪物（对精英BOSS无效）,14,1,0,0.46,0,0,0,mid,0,2,0
335,11,一击必杀,buff_bleeding,{a}%一击杀死一个怪物（对精英BOSS无效）,15,1,0,0.5,0,0,0,mid,0,2,0
336,11,一击必杀,buff_bleeding,{a}%一击杀死一个怪物（对精英BOSS无效）,16,1,0,0.53,0,0,0,mid,0,2,0
337,11,一击必杀,buff_bleeding,{a}%一击杀死一个怪物（对精英BOSS无效）,17,1,0,0.56,0,0,0,mid,0,2,0
338,11,一击必杀,buff_bleeding,{a}%一击杀死一个怪物（对精英BOSS无效）,18,1,0,0.6,0,0,0,mid,0,2,0
339,11,一击必杀,buff_bleeding,{a}%一击杀死一个怪物（对精英BOSS无效）,19,1,0,0.63,0,0,0,mid,0,2,0
340,11,一击必杀,buff_bleeding,{a}%一击杀死一个怪物（对精英BOSS无效）,20,1,0,0.66,0,0,0,mid,0,2,0
341,11,一击必杀,buff_bleeding,{a}%一击杀死一个怪物（对精英BOSS无效）,21,1,0,0.7,0,0,0,mid,0,2,0
342,11,一击必杀,buff_bleeding,{a}%一击杀死一个怪物（对精英BOSS无效）,22,1,0,0.73,0,0,0,mid,0,2,0
343,11,一击必杀,buff_bleeding,{a}%一击杀死一个怪物（对精英BOSS无效）,23,1,0,0.76,0,0,0,mid,0,2,0
344,11,一击必杀,buff_bleeding,{a}%一击杀死一个怪物（对精英BOSS无效）,24,1,0,0.8,0,0,0,mid,0,2,0
345,11,一击必杀,buff_bleeding,{a}%一击杀死一个怪物（对精英BOSS无效）,25,1,0,0.83,0,0,0,mid,0,2,0
346,11,一击必杀,buff_bleeding,{a}%一击杀死一个怪物（对精英BOSS无效）,26,1,0,0.86,0,0,0,mid,0,2,0
347,11,一击必杀,buff_bleeding,{a}%一击杀死一个怪物（对精英BOSS无效）,27,1,0,0.9,0,0,0,mid,0,2,0
348,11,一击必杀,buff_bleeding,{a}%一击杀死一个怪物（对精英BOSS无效）,28,1,0,0.93,0,0,0,mid,0,2,0
349,11,一击必杀,buff_bleeding,{a}%一击杀死一个怪物（对精英BOSS无效）,29,1,0,0.96,0,0,0,mid,0,2,0
350,11,一击必杀,buff_bleeding,{a}%一击杀死一个怪物（对精英BOSS无效）,30,1,0,1,0,0,0,mid,0,2,0
351,12,受到伤害属性提高，并叠加[人族/最大攻击力],buff_bleeding,每受到伤害，{人物属性}提高{a}%，最多叠加{b}层,1,1,1,0.05,10,0,0,mid,0,1,0
352,12,受到伤害属性提高，并叠加[人族/最大攻击力],buff_bleeding,每受到伤害，{人物属性}提高{a}%，最多叠加{b}层,2,1,1,0.06,10,0,0,mid,0,1,0
353,12,受到伤害属性提高，并叠加[人族/最大攻击力],buff_bleeding,每受到伤害，{人物属性}提高{a}%，最多叠加{b}层,3,1,1,0.07,10,0,0,mid,0,1,0
354,12,受到伤害属性提高，并叠加[人族/毒属性攻击],buff_bleeding,每受到伤害，{人物属性}提高{a}%，最多叠加{b}层,4,1,11,0.05,10,0,0,mid,0,1,0
355,12,受到伤害属性提高，并叠加[人族/毒属性攻击],buff_bleeding,每受到伤害，{人物属性}提高{a}%，最多叠加{b}层,5,1,11,0.06,10,0,0,mid,0,1,0
356,12,受到伤害属性提高，并叠加[人族/毒属性攻击],buff_bleeding,每受到伤害，{人物属性}提高{a}%，最多叠加{b}层,6,1,11,0.07,10,0,0,mid,0,1,0
357,12,受到伤害属性提高，并叠加[精灵/尖刺护甲],buff_bleeding,每受到伤害，{人物属性}提高{a}%，最多叠加{b}层,7,1,10,0.03,5,0,0,mid,0,1,0
358,12,受到伤害属性提高，并叠加[精灵/尖刺护甲],buff_bleeding,每受到伤害，{人物属性}提高{a}%，最多叠加{b}层,8,1,10,0.04,5,0,0,mid,0,1,0
359,12,受到伤害属性提高，并叠加[精灵/尖刺护甲],buff_bleeding,每受到伤害，{人物属性}提高{a}%，最多叠加{b}层,9,1,10,0.05,5,0,0,mid,0,1,0
360,12,受到伤害属性提高，并叠加(预留),buff_bleeding,每受到伤害，{人物属性}提高{a}%，最多叠加{b}层,10,1,0,0,0,0,0,mid,0,1,0
361,12,受到伤害属性提高，并叠加(预留),buff_bleeding,每受到伤害，{人物属性}提高{a}%，最多叠加{b}层,11,1,0,0,0,0,0,mid,0,1,0
362,12,受到伤害属性提高，并叠加(预留),buff_bleeding,每受到伤害，{人物属性}提高{a}%，最多叠加{b}层,12,1,0,0,0,0,0,mid,0,1,0
363,12,受到伤害属性提高，并叠加(预留),buff_bleeding,每受到伤害，{人物属性}提高{a}%，最多叠加{b}层,13,1,0,0,0,0,0,mid,0,1,0
364,12,受到伤害属性提高，并叠加(预留),buff_bleeding,每受到伤害，{人物属性}提高{a}%，最多叠加{b}层,14,1,0,0,0,0,0,mid,0,1,0
365,12,受到伤害属性提高，并叠加(预留),buff_bleeding,每受到伤害，{人物属性}提高{a}%，最多叠加{b}层,15,1,0,0,0,0,0,mid,0,1,0
366,12,受到伤害属性提高，并叠加(预留),buff_bleeding,每受到伤害，{人物属性}提高{a}%，最多叠加{b}层,16,1,0,0,0,0,0,mid,0,1,0
367,12,受到伤害属性提高，并叠加(预留),buff_bleeding,每受到伤害，{人物属性}提高{a}%，最多叠加{b}层,17,1,0,0,0,0,0,mid,0,1,0
368,12,受到伤害属性提高，并叠加(预留),buff_bleeding,每受到伤害，{人物属性}提高{a}%，最多叠加{b}层,18,1,0,0,0,0,0,mid,0,1,0
369,12,受到伤害属性提高，并叠加(预留),buff_bleeding,每受到伤害，{人物属性}提高{a}%，最多叠加{b}层,19,1,0,0,0,0,0,mid,0,1,0
370,12,受到伤害属性提高，并叠加(预留),buff_bleeding,每受到伤害，{人物属性}提高{a}%，最多叠加{b}层,20,1,0,0,0,0,0,mid,0,1,0
371,12,受到伤害属性提高，并叠加(预留),buff_bleeding,每受到伤害，{人物属性}提高{a}%，最多叠加{b}层,21,1,0,0,0,0,0,mid,0,1,0
372,12,受到伤害属性提高，并叠加(预留),buff_bleeding,每受到伤害，{人物属性}提高{a}%，最多叠加{b}层,22,1,0,0,0,0,0,mid,0,1,0
373,12,受到伤害属性提高，并叠加(预留),buff_bleeding,每受到伤害，{人物属性}提高{a}%，最多叠加{b}层,23,1,0,0,0,0,0,mid,0,1,0
374,12,受到伤害属性提高，并叠加(预留),buff_bleeding,每受到伤害，{人物属性}提高{a}%，最多叠加{b}层,24,1,0,0,0,0,0,mid,0,1,0
375,12,受到伤害属性提高，并叠加(预留),buff_bleeding,每受到伤害，{人物属性}提高{a}%，最多叠加{b}层,25,1,0,0,0,0,0,mid,0,1,0
376,12,受到伤害属性提高，并叠加(预留),buff_bleeding,每受到伤害，{人物属性}提高{a}%，最多叠加{b}层,26,1,0,0,0,0,0,mid,0,1,0
377,12,受到伤害属性提高，并叠加(预留),buff_bleeding,每受到伤害，{人物属性}提高{a}%，最多叠加{b}层,27,1,0,0,0,0,0,mid,0,1,0
378,12,受到伤害属性提高，并叠加(预留),buff_bleeding,每受到伤害，{人物属性}提高{a}%，最多叠加{b}层,28,1,0,0,0,0,0,mid,0,1,0
379,12,受到伤害属性提高，并叠加(预留),buff_bleeding,每受到伤害，{人物属性}提高{a}%，最多叠加{b}层,29,1,0,0,0,0,0,mid,0,1,0
380,12,受到伤害属性提高，并叠加(预留),buff_bleeding,每受到伤害，{人物属性}提高{a}%，最多叠加{b}层,30,1,0,0,0,0,0,mid,0,1,0
381,13,生命越低，攻越高[降低10%，提高10%],buff_bleeding,自身生命每降低{a}%，额外造成{b}%伤害,1,1,0,10,10,0,0,mid,0,1,0
382,13,生命越低，攻越高[降低10%，提高15%],buff_bleeding,自身生命每降低{a}%，额外造成{b}%伤害,2,1,0,10,15,0,0,mid,0,1,0
383,13,生命越低，攻越高[降低10%，提高20%],buff_bleeding,自身生命每降低{a}%，额外造成{b}%伤害,3,1,0,10,20,0,0,mid,0,1,0
384,13,生命越低，攻越高,buff_bleeding,自身生命每降低{a}%，额外造成{b}%伤害,4,1,0,0.1,10,0,0,mid,0,1,0
385,13,生命越低，攻越高,buff_bleeding,自身生命每降低{a}%，额外造成{b}%伤害,5,1,0,0.1,15,0,0,mid,0,1,0
386,13,生命越低，攻越高,buff_bleeding,自身生命每降低{a}%，额外造成{b}%伤害,6,1,0,0.1,20,0,0,mid,0,1,0
387,13,生命越低，攻越高,buff_bleeding,自身生命每降低{a}%，额外造成{b}%伤害,7,1,0,0,0,0,0,mid,0,1,0
388,13,生命越低，攻越高,buff_bleeding,自身生命每降低{a}%，额外造成{b}%伤害,8,1,0,0,0,0,0,mid,0,1,0
389,13,生命越低，攻越高,buff_bleeding,自身生命每降低{a}%，额外造成{b}%伤害,9,1,0,0,0,0,0,mid,0,1,0
390,13,生命越低，攻越高,buff_bleeding,自身生命每降低{a}%，额外造成{b}%伤害,10,1,0,0,0,0,0,mid,0,1,0
391,13,生命越低，攻越高,buff_bleeding,自身生命每降低{a}%，额外造成{b}%伤害,11,1,0,0,0,0,0,mid,0,1,0
392,13,生命越低，攻越高,buff_bleeding,自身生命每降低{a}%，额外造成{b}%伤害,12,1,0,0,0,0,0,mid,0,1,0
393,13,生命越低，攻越高,buff_bleeding,自身生命每降低{a}%，额外造成{b}%伤害,13,1,0,0,0,0,0,mid,0,1,0
394,13,生命越低，攻越高,buff_bleeding,自身生命每降低{a}%，额外造成{b}%伤害,14,1,0,0,0,0,0,mid,0,1,0
395,13,生命越低，攻越高,buff_bleeding,自身生命每降低{a}%，额外造成{b}%伤害,15,1,0,0,0,0,0,mid,0,1,0
396,13,生命越低，攻越高,buff_bleeding,自身生命每降低{a}%，额外造成{b}%伤害,16,1,0,0,0,0,0,mid,0,1,0
397,13,生命越低，攻越高,buff_bleeding,自身生命每降低{a}%，额外造成{b}%伤害,17,1,0,0,0,0,0,mid,0,1,0
398,13,生命越低，攻越高,buff_bleeding,自身生命每降低{a}%，额外造成{b}%伤害,18,1,0,0,0,0,0,mid,0,1,0
399,13,生命越低，攻越高,buff_bleeding,自身生命每降低{a}%，额外造成{b}%伤害,19,1,0,0,0,0,0,mid,0,1,0
400,13,生命越低，攻越高,buff_bleeding,自身生命每降低{a}%，额外造成{b}%伤害,20,1,0,0,0,0,0,mid,0,1,0
401,13,生命越低，攻越高,buff_bleeding,自身生命每降低{a}%，额外造成{b}%伤害,21,1,0,0,0,0,0,mid,0,1,0
402,13,生命越低，攻越高,buff_bleeding,自身生命每降低{a}%，额外造成{b}%伤害,22,1,0,0,0,0,0,mid,0,1,0
403,13,生命越低，攻越高,buff_bleeding,自身生命每降低{a}%，额外造成{b}%伤害,23,1,0,0,0,0,0,mid,0,1,0
404,13,生命越低，攻越高,buff_bleeding,自身生命每降低{a}%，额外造成{b}%伤害,24,1,0,0,0,0,0,mid,0,1,0
405,13,生命越低，攻越高,buff_bleeding,自身生命每降低{a}%，额外造成{b}%伤害,25,1,0,0,0,0,0,mid,0,1,0
406,13,生命越低，攻越高,buff_bleeding,自身生命每降低{a}%，额外造成{b}%伤害,26,1,0,0,0,0,0,mid,0,1,0
407,13,生命越低，攻越高,buff_bleeding,自身生命每降低{a}%，额外造成{b}%伤害,27,1,0,0,0,0,0,mid,0,1,0
408,13,生命越低，攻越高,buff_bleeding,自身生命每降低{a}%，额外造成{b}%伤害,28,1,0,0,0,0,0,mid,0,1,0
409,13,生命越低，攻越高,buff_bleeding,自身生命每降低{a}%，额外造成{b}%伤害,29,1,0,0,0,0,0,mid,0,1,0
410,13,生命越低，攻越高,buff_bleeding,自身生命每降低{a}%，额外造成{b}%伤害,30,1,0,0,0,0,0,mid,0,1,0
411,14,A技能持续时间内，额外伤害B点[人族/割裂],buff_bleeding,{a}生效时，额外造成伤害{b}点,1,1,0,1003,300,0,buff_ruodian_up,up,buff_paoxiao_ground,2,0
412,14,A技能持续时间内，额外伤害B点[人族/割裂],buff_bleeding,{a}生效时，额外造成伤害{b}点,2,1,0,1003,400,0,buff_ruodian_up,up,buff_paoxiao_ground,2,0
413,14,A技能持续时间内，额外伤害B点[人族/割裂],buff_bleeding,{a}生效时，额外造成伤害{b}点,3,1,0,1003,500,0,buff_ruodian_up,up,buff_paoxiao_ground,2,0
414,14,A技能持续时间内，额外伤害B点[精灵/自然侵蚀],buff_bleeding,{a}生效时，额外造成伤害{b}点,4,1,0,2001,100,0,buff_ruodian_up,up,buff_paoxiao_ground,2,0
415,14,A技能持续时间内，额外伤害B点[精灵/自然侵蚀],buff_bleeding,{a}生效时，额外造成伤害{b}点,5,1,0,2001,200,0,buff_ruodian_up,up,buff_paoxiao_ground,2,0
416,14,A技能持续时间内，额外伤害B点[精灵/自然侵蚀],buff_bleeding,{a}生效时，额外造成伤害{b}点,6,1,0,2001,300,0,buff_ruodian_up,up,buff_paoxiao_ground,2,0
417,14,A技能持续时间内，额外伤害B点,buff_bleeding,{a}生效时，额外造成伤害{b}点,7,1,0,0,0,0,0,mid,0,2,0
418,14,A技能持续时间内，额外伤害B点,buff_bleeding,{a}生效时，额外造成伤害{b}点,8,1,0,0,0,0,0,mid,0,2,0
419,14,A技能持续时间内，额外伤害B点,buff_bleeding,{a}生效时，额外造成伤害{b}点,9,1,0,0,0,0,0,mid,0,2,0
420,14,A技能持续时间内，额外伤害B点,buff_bleeding,{a}生效时，额外造成伤害{b}点,10,1,0,0,0,0,0,mid,0,2,0
421,14,A技能持续时间内，额外伤害B点,buff_bleeding,{a}生效时，额外造成伤害{b}点,11,1,0,0,0,0,0,mid,0,2,0
422,14,A技能持续时间内，额外伤害B点,buff_bleeding,{a}生效时，额外造成伤害{b}点,12,1,0,0,0,0,0,mid,0,2,0
423,14,A技能持续时间内，额外伤害B点,buff_bleeding,{a}生效时，额外造成伤害{b}点,13,1,0,0,0,0,0,mid,0,2,0
424,14,A技能持续时间内，额外伤害B点,buff_bleeding,{a}生效时，额外造成伤害{b}点,14,1,0,0,0,0,0,mid,0,2,0
425,14,A技能持续时间内，额外伤害B点,buff_bleeding,{a}生效时，额外造成伤害{b}点,15,1,0,0,0,0,0,mid,0,2,0
426,14,A技能持续时间内，额外伤害B点,buff_bleeding,{a}生效时，额外造成伤害{b}点,16,1,0,0,0,0,0,mid,0,2,0
427,14,A技能持续时间内，额外伤害B点,buff_bleeding,{a}生效时，额外造成伤害{b}点,17,1,0,0,0,0,0,mid,0,2,0
428,14,A技能持续时间内，额外伤害B点,buff_bleeding,{a}生效时，额外造成伤害{b}点,18,1,0,0,0,0,0,mid,0,2,0
429,14,A技能持续时间内，额外伤害B点,buff_bleeding,{a}生效时，额外造成伤害{b}点,19,1,0,0,0,0,0,mid,0,2,0
430,14,A技能持续时间内，额外伤害B点,buff_bleeding,{a}生效时，额外造成伤害{b}点,20,1,0,0,0,0,0,mid,0,2,0
431,14,A技能持续时间内，额外伤害B点,buff_bleeding,{a}生效时，额外造成伤害{b}点,21,1,0,0,0,0,0,mid,0,2,0
432,14,A技能持续时间内，额外伤害B点,buff_bleeding,{a}生效时，额外造成伤害{b}点,22,1,0,0,0,0,0,mid,0,2,0
433,14,A技能持续时间内，额外伤害B点,buff_bleeding,{a}生效时，额外造成伤害{b}点,23,1,0,0,0,0,0,mid,0,2,0
434,14,A技能持续时间内，额外伤害B点,buff_bleeding,{a}生效时，额外造成伤害{b}点,24,1,0,0,0,0,0,mid,0,2,0
435,14,A技能持续时间内，额外伤害B点,buff_bleeding,{a}生效时，额外造成伤害{b}点,25,1,0,0,0,0,0,mid,0,2,0
436,14,A技能持续时间内，额外伤害B点,buff_bleeding,{a}生效时，额外造成伤害{b}点,26,1,0,0,0,0,0,mid,0,2,0
437,14,A技能持续时间内，额外伤害B点,buff_bleeding,{a}生效时，额外造成伤害{b}点,27,1,0,0,0,0,0,mid,0,2,0
438,14,A技能持续时间内，额外伤害B点,buff_bleeding,{a}生效时，额外造成伤害{b}点,28,1,0,0,0,0,0,mid,0,2,0
439,14,A技能持续时间内，额外伤害B点,buff_bleeding,{a}生效时，额外造成伤害{b}点,29,1,0,0,0,0,0,mid,0,2,0
440,14,A技能持续时间内，额外伤害B点,buff_bleeding,{a}生效时，额外造成伤害{b}点,30,1,0,0,0,0,0,mid,0,2,0
441,15,普通物理攻击,buff_bleeding,物理伤害,1,1,3,0,0,0,0,mid,0,2,1
442,16,普通魔法攻击,buff_bleeding,属性伤害,1,2,3,0,0,0,0,mid,0,2,1
443,17,额外造成A-B伤害[怪物-骷髅战士],buff_bleeding,额外造成{a}到{b}伤害,1,1,0,10,50,0,0,mid,0,2,0
444,17,额外造成A-B伤害[怪物-史莱姆],buff_bleeding,额外造成{a}到{b}伤害,2,1,0,10,1000,0,0,mid,0,2,0
445,17,额外造成A-B伤害[怪物-黑兽人],buff_bleeding,额外造成{a}到{b}伤害,3,1,0,500,1000,0,0,mid,0,2,0
446,17,额外造成A-B伤害[怪物-泰坦],buff_bleeding,额外造成{a}到{b}伤害,4,1,0,1,9999,0,0,mid,0,2,0
447,17,额外造成A-B伤害[精灵/火焰之握],buff_bleeding,额外造成{a}到{b}伤害,5,1,0,0,333,0,0,mid,0,2,0
448,17,额外造成A-B伤害[精灵/火焰之握],buff_bleeding,额外造成{a}到{b}伤害,6,1,0,0,666,0,0,mid,0,2,0
449,17,额外造成A-B伤害[精灵/火焰之握],buff_bleeding,额外造成{a}到{b}伤害,7,1,0,0,999,0,0,mid,0,2,0
450,17,精英附加伤害,buff_bleeding,额外造成{a}到{b}伤害,8,1,0,1,1000,0,0,mid,0,2,0
451,17,额外造成A-B伤害,buff_bleeding,额外造成{a}到{b}伤害,9,1,0,0,0,0,0,mid,0,2,0
452,17,额外造成A-B伤害,buff_bleeding,额外造成{a}到{b}伤害,10,1,0,0,0,0,0,mid,0,2,0
453,17,额外造成A-B伤害,buff_bleeding,额外造成{a}到{b}伤害,11,1,0,0,0,0,0,mid,0,2,0
454,17,额外造成A-B伤害,buff_bleeding,额外造成{a}到{b}伤害,12,1,0,0,0,0,0,mid,0,2,0
455,17,额外造成A-B伤害,buff_bleeding,额外造成{a}到{b}伤害,13,1,0,0,0,0,0,mid,0,2,0
456,17,额外造成A-B伤害,buff_bleeding,额外造成{a}到{b}伤害,14,1,0,0,0,0,0,mid,0,2,0
457,17,额外造成A-B伤害,buff_bleeding,额外造成{a}到{b}伤害,15,1,0,0,0,0,0,mid,0,2,0
458,17,额外造成A-B伤害,buff_bleeding,额外造成{a}到{b}伤害,16,1,0,0,0,0,0,mid,0,2,0
459,17,额外造成A-B伤害,buff_bleeding,额外造成{a}到{b}伤害,17,1,0,0,0,0,0,mid,0,2,0
460,17,额外造成A-B伤害,buff_bleeding,额外造成{a}到{b}伤害,18,1,0,0,0,0,0,mid,0,2,0
461,17,额外造成A-B伤害,buff_bleeding,额外造成{a}到{b}伤害,19,1,0,0,0,0,0,mid,0,2,0
462,17,额外造成A-B伤害,buff_bleeding,额外造成{a}到{b}伤害,20,1,0,0,0,0,0,mid,0,2,0
463,17,额外造成A-B伤害,buff_bleeding,额外造成{a}到{b}伤害,21,1,0,0,0,0,0,mid,0,2,0
464,17,额外造成A-B伤害,buff_bleeding,额外造成{a}到{b}伤害,22,1,0,0,0,0,0,mid,0,2,0
465,17,额外造成A-B伤害,buff_bleeding,额外造成{a}到{b}伤害,23,1,0,0,0,0,0,mid,0,2,0
466,17,额外造成A-B伤害,buff_bleeding,额外造成{a}到{b}伤害,24,1,0,0,0,0,0,mid,0,2,0
467,17,额外造成A-B伤害,buff_bleeding,额外造成{a}到{b}伤害,25,1,0,0,0,0,0,mid,0,2,0
468,17,额外造成A-B伤害,buff_bleeding,额外造成{a}到{b}伤害,26,1,0,0,0,0,0,mid,0,2,0
469,17,额外造成A-B伤害,buff_bleeding,额外造成{a}到{b}伤害,27,1,0,0,0,0,0,mid,0,2,0
470,17,额外造成A-B伤害,buff_bleeding,额外造成{a}到{b}伤害,28,1,0,0,0,0,0,mid,0,2,0
471,17,额外造成A-B伤害,buff_bleeding,额外造成{a}到{b}伤害,29,1,0,0,0,0,0,mid,0,2,0
472,17,额外造成A-B伤害,buff_bleeding,额外造成{a}到{b}伤害,30,1,0,0,0,0,0,mid,0,2,0
473,21,精英/领主增伤,buff_bleeding,对精英怪物增伤50%,1,1,0,3,0.5,0,0,mid,0,2,0
474,21,精英/领主增伤,buff_bleeding,对精英怪物增伤60%,2,1,0,3,0.6,0,0,mid,0,2,0
475,21,精英/领主增伤,buff_bleeding,对精英怪物增伤70%,3,1,0,3,0.7,0,0,mid,0,2,0
476,21,精英/领主增伤,buff_bleeding,对BOSS伤害提高30%,4,1,0,4,0.3,0,0,mid,0,2,0
477,21,精英/领主增伤,buff_bleeding,对BOSS伤害提高40%,5,1,0,4,0.4,0,0,mid,0,2,0
478,21,精英/领主增伤,buff_bleeding,对BOSS伤害提高50%,6,1,0,4,0.5,0,0,mid,0,2,0
479,21,精英/领主增伤,buff_bleeding,预留,7,1,0,0,0,0,0,mid,0,2,0
480,21,精英/领主增伤,buff_bleeding,预留,8,1,0,0,0,0,0,mid,0,2,0
481,21,精英/领主增伤,buff_bleeding,预留,9,1,0,0,0,0,0,mid,0,2,0
482,21,精英/领主增伤,buff_bleeding,预留,10,1,0,0,0,0,0,mid,0,2,0
483,21,精英/领主增伤,buff_bleeding,预留,11,1,0,0,0,0,0,mid,0,2,0
484,21,精英/领主增伤,buff_bleeding,预留,12,1,0,0,0,0,0,mid,0,2,0
485,21,精英/领主增伤,buff_bleeding,预留,13,1,0,0,0,0,0,mid,0,2,0
486,21,精英/领主增伤,buff_bleeding,预留,14,1,0,0,0,0,0,mid,0,2,0
487,21,精英/领主增伤,buff_bleeding,预留,15,1,0,0,0,0,0,mid,0,2,0
488,21,精英/领主增伤,buff_bleeding,预留,16,1,0,0,0,0,0,mid,0,2,0
489,21,精英/领主增伤,buff_bleeding,预留,17,1,0,0,0,0,0,mid,0,2,0
490,21,精英/领主增伤,buff_bleeding,预留,18,1,0,0,0,0,0,mid,0,2,0
491,21,精英/领主增伤,buff_bleeding,预留,19,1,0,0,0,0,0,mid,0,2,0
492,21,精英/领主增伤,buff_bleeding,预留,20,1,0,0,0,0,0,mid,0,2,0
493,21,精英/领主增伤,buff_bleeding,预留,21,1,0,0,0,0,0,mid,0,2,0
494,21,精英/领主增伤,buff_bleeding,预留,22,1,0,0,0,0,0,mid,0,2,0
495,21,精英/领主增伤,buff_bleeding,预留,23,1,0,0,0,0,0,mid,0,2,0
496,21,精英/领主增伤,buff_bleeding,预留,24,1,0,0,0,0,0,mid,0,2,0
497,21,精英/领主增伤,buff_bleeding,预留,25,1,0,0,0,0,0,mid,0,2,0
498,21,精英/领主增伤,buff_bleeding,预留,26,1,0,0,0,0,0,mid,0,2,0
499,21,精英/领主增伤,buff_bleeding,预留,27,1,0,0,0,0,0,mid,0,2,0
500,21,精英/领主增伤,buff_bleeding,预留,28,1,0,0,0,0,0,mid,0,2,0
501,21,精英/领主增伤,buff_bleeding,预留,29,1,0,0,0,0,0,mid,0,2,0
502,21,精英/领主增伤,buff_bleeding,预留,30,1,0,0,0,0,0,mid,0,2,0
503,25,坚韧,buff_bleeding,生命最大值+{a}%+{b},1,1,24,0,100,0,0,mid,0,1,0
504,25,勇气,buff_bleeding,光属性+{a}%+{b},2,1,12,0,5,0,0,mid,0,1,0
505,25,老练,buff_bleeding,幸运值+{a}%+{b},3,1,19,0,10,0,0,mid,0,1,0
506,25,老练,buff_bleeding,幸运值+{a}%+{b},4,1,19,0,20,0,0,mid,0,1,0
507,25,老练,buff_bleeding,幸运值+{a}%+{b},5,1,19,0,30,0,0,mid,0,1,0
508,25,贪婪,buff_bleeding,额外金币+{a}%+{b},6,1,20,0,15,0,0,mid,0,1,0
509,25,贪婪,buff_bleeding,额外金币+{a}%+{b},7,1,20,0,30,0,0,mid,0,1,0
510,25,贪婪,buff_bleeding,额外金币+{a}%+{b},8,1,20,0,45,0,0,mid,0,1,0
511,25,火焰栖息,buff_bleeding,火属性攻击+{a}%+{b},9,0,9,0,25,0,0,mid,0,1,0
512,25,火焰栖息,buff_bleeding,火属性攻击+{a}%+{b},10,0,9,0,50,0,0,mid,0,1,0
513,25,火焰栖息,buff_bleeding,火属性攻击+{a}%+{b},11,0,9,0,100,0,0,mid,0,1,0
514,25,战斗号角,buff_bleeding,物攻最大值+{a}%+{b},12,0,2,0,20,0,0,mid,0,1,0
515,25,战斗号角,buff_bleeding,物攻最大值+{a}%+{b},13,0,2,0,40,0,0,mid,0,1,0
516,25,战斗号角,buff_bleeding,物攻最大值+{a}%+{b},14,0,2,0,80,0,0,mid,0,1,0
517,25,战斗号角·光,buff_bleeding,光属性攻击+{a}%+{b},15,0,12,0,10,0,0,mid,0,1,0
518,25,战斗号角·光,buff_bleeding,光属性攻击+{a}%+{b},16,0,12,0,20,0,0,mid,0,1,0
519,25,战斗号角·光,buff_bleeding,光属性攻击+{a}%+{b},17,0,12,0,40,0,0,mid,0,1,0
520,25,不屈意志,buff_bleeding,生命上限+{a}%+{b},18,0,24,0,600,0,0,mid,0,1,0
521,25,不屈意志,buff_bleeding,生命上限+{a}%+{b},19,0,24,0,1200,0,0,mid,0,1,0
522,25,不屈意志,buff_bleeding,生命上限+{a}%+{b},20,0,24,0,2400,0,0,mid,0,1,0
523,25,元素掌控,buff_bleeding,预留,21,0,9,0,5,0,0,mid,0,1,0
524,25,元素掌控,buff_bleeding,预留,22,0,10,0,5,0,0,mid,0,1,0
525,25,元素掌控,buff_bleeding,预留,23,0,12,0,5,0,0,mid,0,1,0
526,25,暗夜使者,buff_bleeding,暗属性攻击+{a}%+{b},24,0,13,0,25,0,0,mid,0,1,0
527,25,暗夜使者,buff_bleeding,暗属性攻击+{a}%+{b},25,0,13,0,50,0,0,mid,0,1,0
528,25,暗夜使者,buff_bleeding,暗属性攻击+{a}%+{b},26,0,13,0,100,0,0,mid,0,1,0
529,25,浸毒武器,buff_bleeding,毒属性攻击+{a}%+{b},27,0,11,0,25,0,0,mid,0,1,0
530,25,浸毒武器,buff_bleeding,毒属性攻击+{a}%+{b},28,0,11,0,50,0,0,mid,0,1,0
531,25,浸毒武器,buff_bleeding,毒属性攻击+{a}%+{b},29,0,11,0,100,0,0,mid,0,1,0
532,25,探宝者,buff_bleeding,幸运值+{a}%+{b},30,0,19,0,10,0,0,mid,0,1,0
533,26,元素飞舞,buff_bleeding,每{a}秒对目标造成 {人物属性}*{b}%的伤害，持续{c}秒。,1,1,1,0.5,0.2,3,0,mid,0,2,11
534,26,元素飞舞,buff_bleeding,每{a}秒对目标造成 {人物属性}*{b}%的伤害，持续{c}秒。,2,1,1,0.5,0.25,3,0,mid,0,2,11
535,26,元素飞舞,buff_bleeding,每{a}秒对目标造成 {人物属性}*{b}%的伤害，持续{c}秒。,3,1,1,0.5,0.3,3,0,mid,0,2,11
536,26,自然侵蚀,buff_bleeding,每{a}秒对目标造成 {人物属性}*{b}%的伤害，持续{c}秒。,4,1,1,1,0.55,3,0,mid,0,2,11
537,26,自然侵蚀,buff_bleeding,每{a}秒对目标造成 {人物属性}*{b}%的伤害，持续{c}秒。,5,1,1,1,0.6,3,0,mid,0,2,11
538,26,自然侵蚀,buff_bleeding,每{a}秒对目标造成 {人物属性}*{b}%的伤害，持续{c}秒。,6,1,1,1,0.65,3,0,mid,0,2,11
539,26,连击,buff_bleeding,每{a}秒对目标造成 {人物属性}*{b}%的伤害，持续{c}秒。,7,6,13,0.3,0.75,0.6,0,mid,0,2,11
540,26,连击,buff_bleeding,每{a}秒对目标造成 {人物属性}*{b}%的伤害，持续{c}秒。,8,6,13,0.3,0.85,0.6,0,mid,0,2,11
541,26,连击,buff_bleeding,每{a}秒对目标造成 {人物属性}*{b}%的伤害，持续{c}秒。,9,6,13,0.3,0.95,0.6,0,mid,0,2,11
542,26,无限剑制,buff_bleeding,每{a}秒对目标造成 {人物属性}*{b}%的伤害，持续{c}秒。,10,6,13,0.1,0.5,0.7,0,mid,0,2,11
543,26,无限剑制,buff_bleeding,每{a}秒对目标造成 {人物属性}*{b}%的伤害，持续{c}秒。,11,6,13,0.1,0.6,0.7,0,mid,0,2,11
544,26,无限剑制,buff_bleeding,每{a}秒对目标造成 {人物属性}*{b}%的伤害，持续{c}秒。,12,6,13,0.1,0.7,0.7,0,mid,0,2,11
545,26,灵魂灼烧,buff_shuoshao,每{a}秒对目标造成 {人物属性}*{b}%的伤害，持续{c}秒。,13,6,13,1,0.45,5,monster_leoric_zhuoshang,mid,monster_leoric_ground,2,5
546,26,疯狂撕咬,buff_shuoshao,每{a}秒对目标造成 {人物属性}*{b}%的伤害，持续{c}秒。,14,3,9,0.1,0.7,0.5,monster_Cerberus,mid,0,2,11
547,26,地狱之火,buff_shuoshao,每{a}秒对目标造成 {人物属性}*{b}%的伤害，持续{c}秒。,15,3,9,0.1,0.85,0.5,monster_Cerberus,mid,monster_Cerberus_ground,2,11
548,26,灼烧,buff_shuoshao,每{a}秒对目标造成 {人物属性}*{b}%的伤害，持续{c}秒。,16,3,9,1,0.45,5,buff_zhuoshao,mid,buff_zhuoshao_ground,2,5
549,26,尖刺羽翼,buff_liuxue,每{a}秒对目标造成 {人物属性}*{b}%的伤害，持续{c}秒。,17,1,1,0.5,1.5,1.1,buff_liuxue,mid,buff_liuxue_ground,2,11
550,26,火焰幕布,buff_shuoshao,每{a}秒对目标造成 {人物属性}*{b}%的伤害，持续{c}秒。,18,3,9,0.2,1.0666666666666667,0.6,buff_bing,mid,buff_bing_ground,2,3
551,26,流血,buff_liuxue,每{a}秒对目标造成 {人物属性}*{b}%的伤害，持续{c}秒。,19,1,1,1,0.45,5,buff_liuxue,mid,buff_liuxue_ground,2,11
552,26,中毒,buff_zhongdu,每{a}秒对目标造成 {人物属性}*{b}%的伤害，持续{c}秒。,20,4,11,0.4,0.45,2,buff_du,mid,buff_jinglingzhihuo_ground,2,1
553,26,中毒,buff_zhongdu,每{a}秒对目标造成 {人物属性}*{b}%的伤害，持续{c}秒。,21,1,11,1,0.4,10,buff_du,down,0,2,1
554,26,中毒,buff_zhongdu,每{a}秒对目标造成 {人物属性}*{b}%的伤害，持续{c}秒。,22,1,11,1,0.5,10,buff_du,down,,2,1
555,26,灼烧,buff_shuoshao,每{a}秒对目标造成 {人物属性}*{b}%的伤害，持续{c}秒。,23,3,9,1,0.4,10,buff_zhuoshao,mid,buff_zhuoshao_ground,2,5
556,26,灼烧,buff_shuoshao,每{a}秒对目标造成 {人物属性}*{b}%的伤害，持续{c}秒。,24,3,9,1,0.5,10,buff_zhuoshao,mid,buff_zhuoshao_ground,2,5
557,26,流血,buff_bleeding,每{a}秒对目标造成 {人物属性}*{b}%的伤害，持续{c}秒。,25,4,5,1,0.3,10,buff_liuxue,mid,buff_liuxue_ground,2,11
558,26,流血,buff_bleeding,每{a}秒对目标造成 {人物属性}*{b}%的伤害，持续{c}秒。,26,4,5,1,0.4,10,buff_liuxue,mid,buff_liuxue_ground,2,11
559,26,流血,buff_bleeding,每{a}秒对目标造成 {人物属性}*{b}%的伤害，持续{c}秒。,27,4,5,1,0.5,10,buff_liuxue,mid,buff_liuxue_ground,2,11
560,27,胜利回蓝（精灵）,buff_bleeding,战斗结束（胜利），恢复能量{b},1,1,4,0,25,0,0,mid,0,1,1
561,27,胜利回血（亡灵）,buff_bleeding,战斗结束（胜利），恢复生命{b},2,1,3,0,50,0,0,mid,0,1,1
562,28,斩杀（亡灵）,buff_bleeding,敌人生命低于20%时，立即杀死敌人,1,0,0,20,0,0,0,mid,0,2,1
563,28,斩杀（亡灵）,buff_bleeding,敌人生命低于21%时，立即杀死敌人,2,0,0,21,0,0,0,mid,0,2,1
564,28,斩杀（亡灵）,buff_bleeding,敌人生命低于22%时，立即杀死敌人,3,0,0,22,0,0,0,mid,0,2,1
565,29,杀怪+攻击,buff_bleeding,杀怪增加{b}点攻击力,1,1,1,0,1,0,0,mid,0,1,1
566,29,杀怪+攻击,buff_bleeding,杀怪增加{b}点攻击力,2,1,1,0,2,0,0,mid,0,1,1
567,29,杀怪+攻击,buff_bleeding,杀怪增加{b}点攻击力,3,1,1,0,3,0,0,mid,0,1,1
568,30,最小攻击=最大攻击60%,buff_bleeding,最小攻击力=最大攻击力=100%,1,1,1,0.6,0,2,0,mid,0,1,1
569,30,最小攻击=最大攻击70%,buff_bleeding,最小攻击力=最大攻击力=100%,2,1,1,0.7,0,2,0,mid,0,1,1
570,30,最小攻击=最大攻击80%,buff_bleeding,最小攻击力=最大攻击力=100%,3,1,1,0.8,0,2,0,mid,0,1,1
571,31,子技能2，立即生效,buff_bleeding,元素飞舞和自然侵蚀的持续伤害，立即生效。,1,1,0,0,0,0,0,mid,0,2,0
572,32,精灵/克敌制胜1,buff_bleeding,{a}秒内自身无法移动，持续时间结束后，对目标造成受到伤害+{人物属性}*{b}%的伤害,1,2,10,8,7,0,hero2_kedizhisheng_new,mid,0,2,0
573,32,精灵/克敌制胜1,buff_bleeding,{a}秒内自身无法移动，持续时间结束后，对目标造成受到伤害+{人物属性}*{b}%的伤害,2,2,10,7,8,0,0,mid,0,2,0
574,32,精灵/克敌制胜1,buff_bleeding,{a}秒内自身无法移动，持续时间结束后，对目标造成受到伤害+{人物属性}*{b}%的伤害,3,2,10,6,9,0,0,mid,0,2,0
575,100,道具-回血,buff_bleeding,立即回复\n{b}HP,1,1,3,0,200,0,0,mid,0,1,1
576,101,道具-回蓝,buff_bleeding,立即回复\n{b}能量,1,1,3,2,200,0,0,mid,0,1,1
